Incident_ID,Timestamp,Vehicle_ID,Vehicle_Type,Speed_KMH,Speed_Limit,Violation_Type,Lane,Snapshot_File
INC-0009,2026-10-02 22:49:50,55,Bus,61.6,60.0,Over-speeding (61.6 km/h > 60.0 km/h),West Approach,speed_viol_55_1790961590.jpg
INC-0010,2026-10-02 22:49:52,60,Motorcycle,20.1,60.0,Red Light Signal Violation,South Approach,redlight_viol_60_1790961592.jpg
INC-0011,2026-10-02 22:49:53,59,Motorcycle,68.0,60.0,Over-speeding (68.0 km/h > 60.0 km/h),East Approach,speed_viol_59_1790961593.jpg
INC-0012,2026-10-02 22:49:56,65,Motorcycle,21.5,60.0,Red Light Signal Violation,South Approach,redlight_viol_65_1790961596.jpg
INC-0013,2026-10-02 22:50:10,82,Motorcycle,61.4,60.0,Over-speeding (61.4 km/h > 60.0 km/h),South Approach,speed_viol_82_1790961610.jpg
INC-0014,2026-10-02 22:50:14,93,Bus,60.6,60.0,Over-speeding (60.6 km/h > 60.0 km/h),West Approach,speed_viol_93_1790961614.jpg
INC-0015,2026-10-02 22:50:16,98,Motorcycle,20.1,60.0,Red Light Signal Violation,South Approach,redlight_viol_98_1790961616.jpg
INC-0016,2026-10-02 22:50:17,97,Motorcycle,63.1,60.0,Over-speeding (63.1 km/h > 60.0 km/h),East Approach,speed_viol_97_1790961617.jpg
INC-0017,2026-10-02 22:50:20,103,Motorcycle,20.5,60.0,Red Light Signal Violation,South Approach,redlight_viol_103_1790961620.jpg
INC-0018,2026-10-02 22:50:21,96,Motorcycle,62.9,60.0,Over-speeding (62.9 km/h > 60.0 km/h),West Approach,speed_viol_96_1790961621.jpg
INC-0019,2026-10-02 22:50:37,124,Motorcycle,60.2,60.0,Over-speeding (60.2 km/h > 60.0 km/h),North Approach,speed_viol_124_1790961637.jpg
INC-0001,2026-10-02 22:50:56,9,Motorcycle,33.0,60.0,Red Light Signal Violation,West Approach,redlight_viol_9_1790961656.jpg
INC-0002,2026-10-02 22:51:00,14,Motorcycle,31.9,60.0,Red Light Signal Violation,West Approach,redlight_viol_14_1790961660.jpg
INC-0003,2026-10-02 22:51:26,38,Motorcycle,30.6,60.0,Red Light Signal Violation,West Approach,redlight_viol_38_1790961686.jpg
INC-0004,2026-10-02 22:51:46,53,Motorcycle,64.9,60.0,Over-speeding (64.9 km/h > 60.0 km/h),East Approach,speed_viol_53_1790961706.jpg
INC-0005,2026-10-02 22:51:47,57,Motorcycle,39.0,60.0,Red Light Signal Violation,West Approach,redlight_viol_57_1790961707.jpg
INC-0001,2026-10-02 22:52:09,1,Motorcycle,27.3,60.0,Red Light Signal Violation,West Approach,redlight_viol_1_1790961729.jpg
INC-0002,2026-10-02 22:52:10,1,Motorcycle,66.4,60.0,Over-speeding (66.4 km/h > 60.0 km/h),West Approach,speed_viol_1_1790961730.jpg
INC-0003,2026-10-02 22:52:14,12,Motorcycle,36.2,60.0,Red Light Signal Violation,East Approach,redlight_viol_12_1790961734.jpg
INC-0004,2026-10-02 22:52:20,32,Motorcycle,41.2,60.0,Red Light Signal Violation,East Approach,redlight_viol_32_1790961740.jpg
INC-0005,2026-10-02 22:52:21,37,Motorcycle,21.5,60.0,Red Light Signal Violation,West Approach,redlight_viol_37_1790961741.jpg
INC-0006,2026-10-02 22:52:28,50,Motorcycle,20.4,60.0,Red Light Signal Violation,South Approach,redlight_viol_50_1790961748.jpg
INC-0007,2026-10-02 22:52:29,54,Motorcycle,22.1,60.0,Red Light Signal Violation,North Approach,redlight_viol_54_1790961749.jpg
INC-0008,2026-10-02 22:52:30,53,Motorcycle,20.7,60.0,Red Light Signal Violation,South Approach,redlight_viol_53_1790961750.jpg
INC-0009,2026-10-02 22:52:34,64,Motorcycle,40.2,60.0,Red Light Signal Violation,South Approach,redlight_viol_64_1790961754.jpg
INC-0010,2026-10-02 22:52:35,62,Motorcycle,20.1,60.0,Red Light Signal Violation,North Approach,redlight_viol_62_1790961755.jpg
INC-0011,2026-10-02 22:52:35,47,Motorcycle,63.2,60.0,Over-speeding (63.2 km/h > 60.0 km/h),West Approach,speed_viol_47_1790961755.jpg
INC-0012,2026-10-02 22:52:36,65,Motorcycle,20.4,60.0,Red Light Signal Violation,North Approach,redlight_viol_65_1790961756.jpg
INC-0013,2026-10-02 22:52:36,68,Motorcycle,20.5,60.0,Red Light Signal Violation,South Approach,redlight_viol_68_1790961756.jpg
INC-0014,2026-10-02 22:52:39,72,Motorcycle,21.3,60.0,Red Light Signal Violation,South Approach,redlight_viol_72_1790961759.jpg
INC-0015,2026-10-02 22:52:40,77,Motorcycle,20.3,60.0,Red Light Signal Violation,North Approach,redlight_viol_77_1790961760.jpg
INC-0016,2026-10-02 22:52:50,92,Motorcycle,20.5,60.0,Red Light Signal Violation,South Approach,redlight_viol_92_1790961770.jpg
INC-0017,2026-10-02 22:52:51,96,Motorcycle,22.1,60.0,Red Light Signal Violation,North Approach,redlight_viol_96_1790961771.jpg
INC-0018,2026-10-02 22:52:52,95,Motorcycle,20.5,60.0,Red Light Signal Violation,South Approach,redlight_viol_95_1790961772.jpg
INC-0019,2026-10-02 22:52:56,106,Motorcycle,41.0,60.0,Red Light Signal Violation,South Approach,redlight_viol_106_1790961776.jpg
INC-0001,2026-10-02 22:53:46,31,Motorcycle,21.6,60.0,Red Light Signal Violation,North Approach,redlight_viol_31_1790961826.jpg
INC-0001,2026-10-02 22:56:19,2,Motorcycle,31.3,60.0,Red Light Signal Violation,West Approach,redlight_viol_2_1790961979.jpg
INC-0002,2026-10-02 22:56:20,1,Motorcycle,31.5,60.0,Red Light Signal Violation,East Approach,redlight_viol_1_1790961980.jpg
INC-0003,2026-10-02 22:56:25,9,Motorcycle,65.8,60.0,Over-speeding (65.8 km/h > 60.0 km/h),South Approach,speed_viol_9_1790961985.jpg
INC-0004,2026-10-02 22:56:27,14,Motorcycle,20.3,60.0,Red Light Signal Violation,East Approach,redlight_viol_14_1790961987.jpg
INC-0005,2026-10-02 22:56:28,12,Motorcycle,32.5,60.0,Red Light Signal Violation,West Approach,redlight_viol_12_1790961988.jpg
INC-0006,2026-10-02 22:56:45,41,Motorcycle,23.9,60.0,Red Light Signal Violation,South Approach,redlight_viol_41_1790962005.jpg
INC-0007,2026-10-02 22:56:52,49,Motorcycle,20.9,60.0,Red Light Signal Violation,East Approach,redlight_viol_49_1790962012.jpg
INC-0008,2026-10-02 22:56:52,46,Motorcycle,33.5,60.0,Red Light Signal Violation,West Approach,redlight_viol_46_1790962012.jpg
INC-0009,2026-10-02 22:57:09,72,Motorcycle,32.7,60.0,Red Light Signal Violation,West Approach,redlight_viol_72_1790962029.jpg
INC-0010,2026-10-02 22:57:09,71,Motorcycle,31.8,60.0,Red Light Signal Violation,East Approach,redlight_viol_71_1790962029.jpg
INC-0011,2026-10-02 22:57:11,77,Motorcycle,64.4,60.0,Over-speeding (64.4 km/h > 60.0 km/h),South Approach,speed_viol_77_1790962031.jpg
INC-0012,2026-10-02 22:57:12,80,Bus,64.8,60.0,Over-speeding (64.8 km/h > 60.0 km/h),East Approach,speed_viol_80_1790962032.jpg
INC-0013,2026-10-02 22:57:14,79,Motorcycle,63.8,60.0,Over-speeding (63.8 km/h > 60.0 km/h),South Approach,speed_viol_79_1790962034.jpg
INC-0014,2026-10-02 22:57:17,85,Motorcycle,32.7,60.0,Red Light Signal Violation,East Approach,redlight_viol_85_1790962037.jpg
INC-0015,2026-10-02 22:57:17,82,Motorcycle,35.6,60.0,Red Light Signal Violation,West Approach,redlight_viol_82_1790962037.jpg
INC-0016,2026-10-02 22:57:26,98,Motorcycle,40.2,60.0,Red Light Signal Violation,North Approach,redlight_viol_98_1790962046.jpg
INC-0017,2026-10-02 22:57:34,112,Motorcycle,23.4,60.0,Red Light Signal Violation,South Approach,redlight_viol_112_1790962054.jpg
INC-0001,2026-10-02 22:58:28,2,Motorcycle,34.5,60.0,Red Light Signal Violation,West Approach,redlight_viol_2_1790962108.jpg
INC-0002,2026-10-02 22:58:29,14,Motorcycle,32.7,60.0,Red Light Signal Violation,West Approach,redlight_viol_14_1790962109.jpg
INC-0003,2026-10-02 22:58:29,13,Motorcycle,68.0,60.0,Over-speeding (68.0 km/h > 60.0 km/h),South Approach,speed_viol_13_1790962109.jpg
INC-0004,2026-10-02 22:58:30,6,Motorcycle,68.0,60.0,Over-speeding (68.0 km/h > 60.0 km/h),East Approach,speed_viol_6_1790962110.jpg
INC-0005,2026-10-02 22:58:30,6,Motorcycle,68.0,60.0,Red Light Signal Violation,East Approach,redlight_viol_6_1790962110.jpg
INC-0006,2026-10-02 22:58:33,5,Motorcycle,68.0,60.0,Over-speeding (68.0 km/h > 60.0 km/h),West Approach,speed_viol_5_1790962113.jpg
INC-0007,2026-10-02 22:58:34,28,Motorcycle,24.3,60.0,Red Light Signal Violation,East Approach,redlight_viol_28_1790962114.jpg
INC-0008,2026-10-02 22:58:35,33,Motorcycle,30.9,60.0,Red Light Signal Violation,West Approach,redlight_viol_33_1790962115.jpg
INC-0009,2026-10-02 22:58:39,32,Motorcycle,30.1,60.0,Red Light Signal Violation,East Approach,redlight_viol_32_1790962119.jpg
INC-0010,2026-10-02 22:58:40,54,Motorcycle,24.6,60.0,Red Light Signal Violation,West Approach,redlight_viol_54_1790962120.jpg
INC-0011,2026-10-02 22:58:41,56,Motorcycle,60.8,60.0,Over-speeding (60.8 km/h > 60.0 km/h),South Approach,speed_viol_56_1790962121.jpg
INC-0012,2026-10-02 22:58:42,54,Motorcycle,68.0,60.0,Over-speeding (68.0 km/h > 60.0 km/h),West Approach,speed_viol_54_1790962122.jpg
INC-0013,2026-10-02 22:58:42,44,Car,25.8,60.0,Red Light Signal Violation,East Approach,redlight_viol_44_1790962122.jpg
INC-0014,2026-10-02 22:58:43,68,Bus,61.2,60.0,Over-speeding (61.2 km/h > 60.0 km/h),West Approach,speed_viol_68_1790962123.jpg
INC-0015,2026-10-02 22:58:43,57,Motorcycle,20.1,60.0,Red Light Signal Violation,East Approach,redlight_viol_57_1790962123.jpg
INC-0016,2026-10-02 22:58:44,58,Motorcycle,20.6,60.0,Red Light Signal Violation,East Approach,redlight_viol_58_1790962124.jpg
INC-0017,2026-10-02 22:58:45,75,Motorcycle,24.4,60.0,Red Light Signal Violation,West Approach,redlight_viol_75_1790962125.jpg
INC-0018,2026-10-02 22:58:49,79,Motorcycle,20.3,60.0,Red Light Signal Violation,East Approach,redlight_viol_79_1790962129.jpg
INC-0019,2026-10-02 22:58:50,82,Motorcycle,20.1,60.0,Red Light Signal Violation,East Approach,redlight_viol_82_1790962130.jpg
INC-0020,2026-10-02 22:58:54,92,Motorcycle,64.1,60.0,Over-speeding (64.1 km/h > 60.0 km/h),West Approach,speed_viol_92_1790962134.jpg
INC-0021,2026-10-02 22:58:56,118,Motorcycle,33.6,60.0,Red Light Signal Violation,North Approach,redlight_viol_118_1790962136.jpg
INC-0022,2026-10-02 22:58:56,104,Motorcycle,23.9,60.0,Red Light Signal Violation,South Approach,redlight_viol_104_1790962136.jpg
INC-0023,2026-10-02 22:58:59,113,Motorcycle,32.4,60.0,Red Light Signal Violation,South Approach,redlight_viol_113_1790962139.jpg
INC-0024,2026-10-02 22:59:01,133,Motorcycle,34.0,60.0,Red Light Signal Violation,North Approach,redlight_viol_133_1790962141.jpg
INC-0025,2026-10-02 22:59:01,119,Motorcycle,61.1,60.0,Over-speeding (61.1 km/h > 60.0 km/h),East Approach,speed_viol_119_1790962141.jpg
INC-0026,2026-10-02 22:59:03,143,Motorcycle,37.5,60.0,Red Light Signal Violation,North Approach,redlight_viol_143_1790962143.jpg
INC-0027,2026-10-02 22:59:04,138,Motorcycle,34.7,60.0,Red Light Signal Violation,South Approach,redlight_viol_138_1790962144.jpg
INC-0028,2026-10-02 22:59:06,145,Motorcycle,24.3,60.0,Red Light Signal Violation,North Approach,redlight_viol_145_1790962146.jpg
INC-0029,2026-10-02 22:59:09,142,Motorcycle,65.4,60.0,Over-speeding (65.4 km/h > 60.0 km/h),West Approach,speed_viol_142_1790962149.jpg
INC-0030,2026-10-02 22:59:09,153,Motorcycle,21.0,60.0,Red Light Signal Violation,South Approach,redlight_viol_153_1790962149.jpg
INC-0001,2026-10-02 22:59:25,2,Motorcycle,36.2,60.0,Red Light Signal Violation,West Approach,redlight_viol_2_1790962165.jpg
INC-0002,2026-10-02 22:59:26,17,Car,36.5,60.0,Red Light Signal Violation,East Approach,redlight_viol_17_1790962166.jpg
INC-0003,2026-10-02 22:59:26,15,Motorcycle,42.2,60.0,Red Light Signal Violation,West Approach,redlight_viol_15_1790962166.jpg
INC-0004,2026-10-02 22:59:27,9,Motorcycle,36.4,60.0,Red Light Signal Violation,East Approach,redlight_viol_9_1790962167.jpg
INC-0005,2026-10-02 22:59:28,5,Motorcycle,47.4,60.0,Red Light Signal Violation,West Approach,redlight_viol_5_1790962168.jpg
INC-0006,2026-10-02 22:59:28,5,Motorcycle,62.9,60.0,Over-speeding (62.9 km/h > 60.0 km/h),East Approach,speed_viol_5_1790962168.jpg
INC-0007,2026-10-02 22:59:30,24,Car,68.0,60.0,Over-speeding (68.0 km/h > 60.0 km/h),West Approach,speed_viol_24_1790962170.jpg
INC-0008,2026-10-02 22:59:31,20,Motorcycle,35.4,60.0,Red Light Signal Violation,East Approach,redlight_viol_20_1790962171.jpg
INC-0009,2026-10-02 22:59:33,37,Motorcycle,41.4,60.0,Red Light Signal Violation,East Approach,redlight_viol_37_1790962173.jpg
INC-0010,2026-10-02 22:59:35,41,Motorcycle,51.9,60.0,Red Light Signal Violation,West Approach,redlight_viol_41_1790962175.jpg
INC-0011,2026-10-02 22:59:36,39,Motorcycle,38.2,60.0,Red Light Signal Violation,West Approach,redlight_viol_39_1790962176.jpg
INC-0012,2026-10-02 22:59:37,45,Motorcycle,36.9,60.0,Red Light Signal Violation,East Approach,redlight_viol_45_1790962177.jpg
INC-0013,2026-10-02 22:59:39,38,Motorcycle,67.7,60.0,Over-speeding (67.7 km/h > 60.0 km/h),West Approach,speed_viol_38_1790962179.jpg
INC-0014,2026-10-02 22:59:39,34,Motorcycle,49.9,60.0,Red Light Signal Violation,East Approach,redlight_viol_34_1790962179.jpg
INC-0015,2026-10-02 22:59:41,61,Motorcycle,40.5,60.0,Red Light Signal Violation,West Approach,redlight_viol_61_1790962181.jpg
INC-0016,2026-10-02 22:59:42,50,Motorcycle,66.0,60.0,Over-speeding (66.0 km/h > 60.0 km/h),West Approach,speed_viol_50_1790962182.jpg
INC-0017,2026-10-02 22:59:42,67,Motorcycle,36.5,60.0,Red Light Signal Violation,West Approach,redlight_viol_67_1790962182.jpg
INC-0018,2026-10-02 22:59:42,42,Motorcycle,35.7,60.0,Red Light Signal Violation,East Approach,redlight_viol_42_1790962182.jpg
INC-0019,2026-10-02 22:59:45,62,Car,44.8,60.0,Red Light Signal Violation,West Approach,redlight_viol_62_1790962185.jpg
INC-0020,2026-10-02 22:59:47,79,Car,36.9,60.0,Red Light Signal Violation,West Approach,redlight_viol_79_1790962187.jpg
INC-0021,2026-10-02 22:59:48,89,Car,44.8,60.0,Red Light Signal Violation,East Approach,redlight_viol_89_1790962188.jpg
INC-0022,2026-10-02 22:59:48,62,Car,60.1,60.0,Over-speeding (60.1 km/h > 60.0 km/h),South Approach,speed_viol_62_1790962188.jpg
INC-0023,2026-10-02 22:59:50,96,Motorcycle,35.1,60.0,Red Light Signal Violation,North Approach,redlight_viol_96_1790962190.jpg
INC-0024,2026-10-02 22:59:53,103,Motorcycle,44.6,60.0,Red Light Signal Violation,South Approach,redlight_viol_103_1790962193.jpg
INC-0025,2026-10-02 22:59:56,112,Motorcycle,37.8,60.0,Red Light Signal Violation,North Approach,redlight_viol_112_1790962196.jpg
INC-0026,2026-10-02 22:59:58,118,Motorcycle,42.9,60.0,Red Light Signal Violation,North Approach,redlight_viol_118_1790962198.jpg
INC-0027,2026-10-02 22:59:58,119,Motorcycle,38.9,60.0,Red Light Signal Violation,South Approach,redlight_viol_119_1790962198.jpg
INC-0028,2026-10-02 22:59:58,106,Motorcycle,39.3,60.0,Red Light Signal Violation,North Approach,redlight_viol_106_1790962198.jpg
INC-0029,2026-10-02 22:59:59,106,Motorcycle,62.1,60.0,Over-speeding (62.1 km/h > 60.0 km/h),West Approach,speed_viol_106_1790962199.jpg
INC-0030,2026-10-02 23:00:00,111,Motorcycle,47.1,60.0,Red Light Signal Violation,South Approach,redlight_viol_111_1790962200.jpg
INC-0031,2026-10-02 23:00:00,126,Car,41.5,60.0,Red Light Signal Violation,South Approach,redlight_viol_126_1790962200.jpg
INC-0032,2026-10-02 23:00:02,133,Motorcycle,44.9,60.0,Red Light Signal Violation,North Approach,redlight_viol_133_1790962202.jpg
INC-0033,2026-10-02 23:00:03,135,Car,42.9,60.0,Red Light Signal Violation,North Approach,redlight_viol_135_1790962203.jpg
INC-0034,2026-10-02 23:00:05,137,Motorcycle,67.7,60.0,Over-speeding (67.7 km/h > 60.0 km/h),West Approach,speed_viol_137_1790962205.jpg
INC-0035,2026-10-02 23:00:07,146,Motorcycle,40.1,60.0,Red Light Signal Violation,South Approach,redlight_viol_146_1790962207.jpg
INC-0036,2026-10-02 23:00:08,146,Motorcycle,63.4,60.0,Over-speeding (63.4 km/h > 60.0 km/h),West Approach,speed_viol_146_1790962208.jpg
INC-0037,2026-10-02 23:00:09,145,Motorcycle,37.7,60.0,Red Light Signal Violation,South Approach,redlight_viol_145_1790962209.jpg
INC-0038,2026-10-02 23:00:09,155,Motorcycle,36.2,60.0,Red Light Signal Violation,South Approach,redlight_viol_155_1790962209.jpg
INC-0039,2026-10-02 23:00:12,153,Motorcycle,40.5,60.0,Red Light Signal Violation,North Approach,redlight_viol_153_1790962212.jpg
INC-0040,2026-10-02 23:00:12,160,Motorcycle,41.0,60.0,Red Light Signal Violation,South Approach,redlight_viol_160_1790962212.jpg
INC-0041,2026-10-02 23:00:12,161,Motorcycle,35.1,60.0,Red Light Signal Violation,North Approach,redlight_viol_161_1790962212.jpg
INC-0042,2026-10-02 23:00:14,167,Motorcycle,44.7,60.0,Red Light Signal Violation,South Approach,redlight_viol_167_1790962214.jpg
INC-0043,2026-10-02 23:00:14,169,Motorcycle,35.2,60.0,Red Light Signal Violation,North Approach,redlight_viol_169_1790962214.jpg
INC-0044,2026-10-02 23:00:14,171,Motorcycle,43.4,60.0,Red Light Signal Violation,North Approach,redlight_viol_171_1790962214.jpg
INC-0045,2026-10-02 23:00:15,162,Car,36.1,60.0,Red Light Signal Violation,North Approach,redlight_viol_162_1790962215.jpg
INC-0046,2026-10-02 23:00:16,154,Motorcycle,63.7,60.0,Over-speeding (63.7 km/h > 60.0 km/h),West Approach,speed_viol_154_1790962216.jpg
INC-0047,2026-10-02 23:00:17,154,Motorcycle,50.8,60.0,Red Light Signal Violation,South Approach,redlight_viol_154_1790962217.jpg
INC-0048,2026-10-02 23:00:18,181,Motorcycle,36.9,60.0,Red Light Signal Violation,South Approach,redlight_viol_181_1790962218.jpg
INC-0049,2026-10-02 23:00:19,185,Car,39.0,60.0,Red Light Signal Violation,North Approach,redlight_viol_185_1790962219.jpg
INC-0050,2026-10-02 23:00:19,179,Car,44.1,60.0,Red Light Signal Violation,North Approach,redlight_viol_179_1790962219.jpg
INC-0051,2026-10-02 23:00:20,188,Motorcycle,45.9,60.0,Red Light Signal Violation,North Approach,redlight_viol_188_1790962220.jpg
INC-0052,2026-10-02 23:00:22,192,Motorcycle,44.1,60.0,Red Light Signal Violation,North Approach,redlight_viol_192_1790962222.jpg
INC-0053,2026-10-02 23:00:24,198,Motorcycle,37.1,60.0,Red Light Signal Violation,South Approach,redlight_viol_198_1790962224.jpg
INC-0054,2026-10-02 23:00:26,204,Motorcycle,39.5,60.0,Red Light Signal Violation,South Approach,redlight_viol_204_1790962226.jpg
INC-0055,2026-10-02 23:00:26,205,Car,42.2,60.0,Red Light Signal Violation,South Approach,redlight_viol_205_1790962226.jpg
INC-0056,2026-10-02 23:00:27,208,Motorcycle,38.5,60.0,Red Light Signal Violation,North Approach,redlight_viol_208_1790962227.jpg
INC-0057,2026-10-02 23:00:29,215,Car,40.8,60.0,Red Light Signal Violation,South Approach,redlight_viol_215_1790962229.jpg
INC-0058,2026-10-02 23:00:29,216,Motorcycle,39.6,60.0,Red Light Signal Violation,North Approach,redlight_viol_216_1790962229.jpg
INC-0059,2026-10-02 23:00:30,217,Motorcycle,42.0,60.0,Red Light Signal Violation,South Approach,redlight_viol_217_1790962230.jpg
INC-0060,2026-10-02 23:00:30,210,Car,37.5,60.0,Red Light Signal Violation,North Approach,redlight_viol_210_1790962230.jpg
INC-0061,2026-10-02 23:00:31,220,Motorcycle,44.3,60.0,Red Light Signal Violation,South Approach,redlight_viol_220_1790962231.jpg
INC-0062,2026-10-02 23:00:32,206,Motorcycle,41.8,60.0,Red Light Signal Violation,South Approach,redlight_viol_206_1790962232.jpg
INC-0063,2026-10-02 23:00:32,224,Car,42.8,60.0,Red Light Signal Violation,South Approach,redlight_viol_224_1790962232.jpg
INC-0064,2026-10-02 23:00:34,230,Motorcycle,41.7,60.0,Red Light Signal Violation,North Approach,redlight_viol_230_1790962234.jpg
INC-0065,2026-10-02 23:00:37,239,Car,37.7,60.0,Red Light Signal Violation,North Approach,redlight_viol_239_1790962237.jpg
INC-0066,2026-10-02 23:00:39,242,Motorcycle,43.8,60.0,Red Light Signal Violation,South Approach,redlight_viol_242_1790962239.jpg
INC-0067,2026-10-02 23:00:40,244,Car,36.2,60.0,Red Light Signal Violation,South Approach,redlight_viol_244_1790962240.jpg
INC-0068,2026-10-02 23:00:42,250,Motorcycle,40.2,60.0,Red Light Signal Violation,South Approach,redlight_viol_250_1790962242.jpg
INC-0069,2026-10-02 23:00:44,254,Car,44.6,60.0,Red Light Signal Violation,North Approach,redlight_viol_254_1790962244.jpg
INC-0070,2026-10-02 23:00:47,243,Motorcycle,35.4,60.0,Red Light Signal Violation,East Approach,redlight_viol_243_1790962247.jpg
INC-0071,2026-10-02 23:00:50,249,Motorcycle,36.2,60.0,Red Light Signal Violation,West Approach,redlight_viol_249_1790962250.jpg
INC-0072,2026-10-02 23:00:56,286,Motorcycle,37.4,60.0,Red Light Signal Violation,West Approach,redlight_viol_286_1790962256.jpg
INC-0073,2026-10-02 23:01:00,295,Car,37.8,60.0,Red Light Signal Violation,East Approach,redlight_viol_295_1790962260.jpg
INC-0074,2026-10-02 23:01:01,299,Motorcycle,39.0,60.0,Red Light Signal Violation,East Approach,redlight_viol_299_1790962261.jpg
INC-0075,2026-10-02 23:01:03,307,Motorcycle,35.9,60.0,Red Light Signal Violation,West Approach,redlight_viol_307_1790962263.jpg
INC-0076,2026-10-02 23:01:05,301,Car,40.0,60.0,Red Light Signal Violation,West Approach,redlight_viol_301_1790962265.jpg
INC-0077,2026-10-02 23:01:06,310,Motorcycle,35.6,60.0,Red Light Signal Violation,East Approach,redlight_viol_310_1790962266.jpg
INC-0078,2026-10-02 23:01:06,315,Car,36.7,60.0,Red Light Signal Violation,West Approach,redlight_viol_315_1790962266.jpg
INC-0079,2026-10-02 23:01:13,333,Motorcycle,36.1,60.0,Red Light Signal Violation,West Approach,redlight_viol_333_1790962273.jpg
INC-0080,2026-10-02 23:01:20,354,Motorcycle,41.3,60.0,Red Light Signal Violation,South Approach,redlight_viol_354_1790962280.jpg
INC-0081,2026-10-02 23:01:20,356,Motorcycle,35.5,60.0,Red Light Signal Violation,North Approach,redlight_viol_356_1790962280.jpg
INC-0082,2026-10-02 23:01:20,358,Motorcycle,36.4,60.0,Red Light Signal Violation,North Approach,redlight_viol_358_1790962280.jpg
INC-0083,2026-10-02 23:01:22,348,Car,42.8,60.0,Red Light Signal Violation,North Approach,redlight_viol_348_1790962282.jpg
INC-0084,2026-10-02 23:01:22,359,Car,38.3,60.0,Red Light Signal Violation,South Approach,redlight_viol_359_1790962282.jpg
INC-0085,2026-10-02 23:01:23,357,Motorcycle,54.2,60.0,Red Light Signal Violation,North Approach,redlight_viol_357_1790962283.jpg
INC-0086,2026-10-02 23:01:25,371,Motorcycle,40.7,60.0,Red Light Signal Violation,North Approach,redlight_viol_371_1790962285.jpg
INC-0087,2026-10-02 23:01:26,365,Car,39.5,60.0,Red Light Signal Violation,North Approach,redlight_viol_365_1790962286.jpg
INC-0088,2026-10-02 23:01:28,378,Motorcycle,35.2,60.0,Red Light Signal Violation,North Approach,redlight_viol_378_1790962288.jpg
INC-0089,2026-10-02 23:01:30,383,Motorcycle,38.9,60.0,Red Light Signal Violation,South Approach,redlight_viol_383_1790962290.jpg
INC-0090,2026-10-02 23:01:35,396,Motorcycle,36.3,60.0,Red Light Signal Violation,North Approach,redlight_viol_396_1790962295.jpg
INC-0091,2026-10-02 23:01:35,397,Motorcycle,38.5,60.0,Red Light Signal Violation,South Approach,redlight_viol_397_1790962295.jpg
INC-0092,2026-10-02 23:01:36,392,Car,40.2,60.0,Red Light Signal Violation,North Approach,redlight_viol_392_1790962296.jpg
INC-0093,2026-10-02 23:01:36,400,Motorcycle,38.7,60.0,Red Light Signal Violation,South Approach,redlight_viol_400_1790962296.jpg
INC-0094,2026-10-02 23:01:37,395,Car,43.6,60.0,Red Light Signal Violation,South Approach,redlight_viol_395_1790962297.jpg
INC-0095,2026-10-02 23:01:38,405,Car,37.2,60.0,Red Light Signal Violation,South Approach,redlight_viol_405_1790962298.jpg
INC-0096,2026-10-02 23:01:39,411,Motorcycle,35.9,60.0,Red Light Signal Violation,North Approach,redlight_viol_411_1790962299.jpg
INC-0097,2026-10-02 23:01:42,417,Motorcycle,41.2,60.0,Red Light Signal Violation,North Approach,redlight_viol_417_1790962302.jpg
INC-0098,2026-10-02 23:01:44,421,Motorcycle,41.7,60.0,Red Light Signal Violation,South Approach,redlight_viol_421_1790962304.jpg
INC-0099,2026-10-02 23:01:45,420,Motorcycle,61.8,60.0,Over-speeding (61.8 km/h > 60.0 km/h),South Approach,speed_viol_420_1790962305.jpg
INC-0100,2026-10-02 23:01:46,423,Motorcycle,36.8,60.0,Red Light Signal Violation,South Approach,redlight_viol_423_1790962306.jpg
INC-0101,2026-10-02 23:01:47,429,Motorcycle,38.6,60.0,Red Light Signal Violation,North Approach,redlight_viol_429_1790962307.jpg
INC-0102,2026-10-02 23:01:47,430,Motorcycle,44.1,60.0,Red Light Signal Violation,South Approach,redlight_viol_430_1790962307.jpg
INC-0103,2026-10-02 23:01:49,434,Motorcycle,41.0,60.0,Red Light Signal Violation,North Approach,redlight_viol_434_1790962309.jpg
INC-0104,2026-10-02 23:01:52,442,Motorcycle,43.0,60.0,Red Light Signal Violation,South Approach,redlight_viol_442_1790962312.jpg
INC-0105,2026-10-02 23:01:52,444,Motorcycle,39.9,60.0,Red Light Signal Violation,North Approach,redlight_viol_444_1790962312.jpg
INC-0106,2026-10-02 23:01:52,446,Motorcycle,40.6,60.0,Red Light Signal Violation,North Approach,redlight_viol_446_1790962312.jpg
INC-0107,2026-10-02 23:01:53,436,Car,35.2,60.0,Red Light Signal Violation,North Approach,redlight_viol_436_1790962313.jpg
INC-0108,2026-10-02 23:01:54,447,Car,39.3,60.0,Red Light Signal Violation,South Approach,redlight_viol_447_1790962314.jpg
INC-0109,2026-10-02 23:01:56,445,Motorcycle,56.5,60.0,Red Light Signal Violation,North Approach,redlight_viol_445_1790962316.jpg
INC-0110,2026-10-02 23:01:56,455,Motorcycle,45.7,60.0,Red Light Signal Violation,South Approach,redlight_viol_455_1790962316.jpg
INC-0111,2026-10-02 23:01:57,460,Motorcycle,36.8,60.0,Red Light Signal Violation,South Approach,redlight_viol_460_1790962317.jpg
INC-0112,2026-10-02 23:01:58,453,Car,37.4,60.0,Red Light Signal Violation,North Approach,redlight_viol_453_1790962318.jpg
INC-0113,2026-10-02 23:02:02,471,Motorcycle,36.4,60.0,Red Light Signal Violation,South Approach,redlight_viol_471_1790962322.jpg
INC-0114,2026-10-02 23:02:05,478,Motorcycle,38.7,60.0,Red Light Signal Violation,North Approach,redlight_viol_478_1790962325.jpg
INC-0115,2026-10-02 23:02:08,484,Motorcycle,36.4,60.0,Red Light Signal Violation,East Approach,redlight_viol_484_1790962328.jpg
INC-0116,2026-10-02 23:02:08,485,Motorcycle,35.7,60.0,Red Light Signal Violation,West Approach,redlight_viol_485_1790962328.jpg
INC-0117,2026-10-02 23:02:10,488,Motorcycle,41.2,60.0,Red Light Signal Violation,East Approach,redlight_viol_488_1790962330.jpg
INC-0118,2026-10-02 23:02:10,493,Car,35.9,60.0,Red Light Signal Violation,West Approach,redlight_viol_493_1790962330.jpg
INC-0119,2026-10-02 23:02:17,509,Motorcycle,39.7,60.0,Red Light Signal Violation,East Approach,redlight_viol_509_1790962337.jpg
INC-0120,2026-10-02 23:02:17,508,Motorcycle,66.3,60.0,Over-speeding (66.3 km/h > 60.0 km/h),South Approach,speed_viol_508_1790962337.jpg
INC-0121,2026-10-02 23:02:21,522,Motorcycle,37.4,60.0,Red Light Signal Violation,East Approach,redlight_viol_522_1790962341.jpg
INC-0122,2026-10-02 23:02:22,524,Motorcycle,37.6,60.0,Red Light Signal Violation,West Approach,redlight_viol_524_1790962342.jpg
INC-0123,2026-10-02 23:02:23,504,Motorcycle,48.5,60.0,Red Light Signal Violation,East Approach,redlight_viol_504_1790962343.jpg
INC-0124,2026-10-02 23:02:23,504,Motorcycle,68.0,60.0,Over-speeding (68.0 km/h > 60.0 km/h),East Approach,speed_viol_504_1790962343.jpg
INC-0125,2026-10-02 23:02:24,510,Motorcycle,37.7,60.0,Red Light Signal Violation,East Approach,redlight_viol_510_1790962344.jpg
INC-0126,2026-10-02 23:02:26,537,Car,39.6,60.0,Red Light Signal Violation,East Approach,redlight_viol_537_1790962346.jpg
INC-0127,2026-10-02 23:02:26,537,Car,64.4,60.0,Over-speeding (64.4 km/h > 60.0 km/h),North Approach,speed_viol_537_1790962346.jpg
INC-0128,2026-10-02 23:02:27,516,Motorcycle,38.9,60.0,Red Light Signal Violation,West Approach,redlight_viol_516_1790962347.jpg
INC-0129,2026-10-02 23:02:27,535,Motorcycle,60.1,60.0,Over-speeding (60.1 km/h > 60.0 km/h),North Approach,speed_viol_535_1790962347.jpg
INC-0130,2026-10-02 23:02:32,556,Motorcycle,39.0,60.0,Red Light Signal Violation,West Approach,redlight_viol_556_1790962352.jpg
INC-0131,2026-10-02 23:02:36,564,Car,36.4,60.0,Red Light Signal Violation,East Approach,redlight_viol_564_1790962356.jpg
INC-0132,2026-10-02 23:02:40,575,Motorcycle,43.1,60.0,Red Light Signal Violation,East Approach,redlight_viol_575_1790962360.jpg
INC-0133,2026-10-02 23:02:42,578,Motorcycle,38.8,60.0,Red Light Signal Violation,East Approach,redlight_viol_578_1790962362.jpg
INC-0134,2026-10-02 23:02:42,583,Car,39.5,60.0,Red Light Signal Violation,West Approach,redlight_viol_583_1790962362.jpg
INC-0135,2026-10-02 23:02:46,595,Motorcycle,36.1,60.0,Red Light Signal Violation,North Approach,redlight_viol_595_1790962366.jpg
INC-0136,2026-10-02 23:02:48,599,Motorcycle,42.3,60.0,Red Light Signal Violation,South Approach,redlight_viol_599_1790962368.jpg
INC-0137,2026-10-02 23:02:48,598,Motorcycle,64.1,60.0,Over-speeding (64.1 km/h > 60.0 km/h),South Approach,speed_viol_598_1790962368.jpg
INC-0138,2026-10-02 23:02:49,601,Motorcycle,39.7,60.0,Red Light Signal Violation,South Approach,redlight_viol_601_1790962369.jpg
INC-0139,2026-10-02 23:02:51,607,Motorcycle,44.8,60.0,Red Light Signal Violation,North Approach,redlight_viol_607_1790962371.jpg
INC-0140,2026-10-02 23:02:51,608,Motorcycle,42.8,60.0,Red Light Signal Violation,South Approach,redlight_viol_608_1790962371.jpg
INC-0141,2026-10-02 23:02:53,612,Motorcycle,40.8,60.0,Red Light Signal Violation,North Approach,redlight_viol_612_1790962373.jpg
INC-0142,2026-10-02 23:02:54,594,Motorcycle,68.0,60.0,Over-speeding (68.0 km/h > 60.0 km/h),East Approach,speed_viol_594_1790962374.jpg
INC-0143,2026-10-02 23:02:56,621,Motorcycle,36.3,60.0,Red Light Signal Violation,South Approach,redlight_viol_621_1790962376.jpg
INC-0144,2026-10-02 23:02:56,625,Motorcycle,40.5,60.0,Red Light Signal Violation,North Approach,redlight_viol_625_1790962376.jpg
INC-0145,2026-10-02 23:02:57,614,Car,35.1,60.0,Red Light Signal Violation,North Approach,redlight_viol_614_1790962377.jpg
INC-0146,2026-10-02 23:02:58,626,Car,42.0,60.0,Red Light Signal Violation,South Approach,redlight_viol_626_1790962378.jpg
INC-0147,2026-10-02 23:02:58,626,Car,61.7,60.0,Over-speeding (61.7 km/h > 60.0 km/h),North Approach,speed_viol_626_1790962378.jpg
INC-0148,2026-10-02 23:02:59,624,Motorcycle,56.8,60.0,Red Light Signal Violation,North Approach,redlight_viol_624_1790962379.jpg
INC-0149,2026-10-02 23:03:00,634,Motorcycle,37.7,60.0,Red Light Signal Violation,South Approach,redlight_viol_634_1790962380.jpg
INC-0150,2026-10-02 23:03:01,638,Motorcycle,40.8,60.0,Red Light Signal Violation,North Approach,redlight_viol_638_1790962381.jpg
INC-0151,2026-10-02 23:03:01,639,Motorcycle,39.8,60.0,Red Light Signal Violation,South Approach,redlight_viol_639_1790962381.jpg
INC-0152,2026-10-02 23:03:02,632,Car,36.5,60.0,Red Light Signal Violation,North Approach,redlight_viol_632_1790962382.jpg
INC-0153,2026-10-02 23:03:06,650,Motorcycle,39.3,60.0,Red Light Signal Violation,South Approach,redlight_viol_650_1790962386.jpg
INC-0154,2026-10-02 23:03:09,657,Motorcycle,41.2,60.0,Red Light Signal Violation,North Approach,redlight_viol_657_1790962389.jpg
INC-0155,2026-10-02 23:03:11,663,Motorcycle,42.5,60.0,Red Light Signal Violation,North Approach,redlight_viol_663_1790962391.jpg
INC-0156,2026-10-02 23:03:12,664,Motorcycle,45.9,60.0,Red Light Signal Violation,South Approach,redlight_viol_664_1790962392.jpg
INC-0157,2026-10-02 23:03:12,659,Car,39.9,60.0,Red Light Signal Violation,North Approach,redlight_viol_659_1790962392.jpg
INC-0158,2026-10-02 23:03:13,667,Motorcycle,49.2,60.0,Red Light Signal Violation,South Approach,redlight_viol_667_1790962393.jpg
INC-0159,2026-10-02 23:03:14,662,Car,41.8,60.0,Red Light Signal Violation,South Approach,redlight_viol_662_1790962394.jpg
INC-0160,2026-10-02 23:03:14,672,Car,36.9,60.0,Red Light Signal Violation,South Approach,redlight_viol_672_1790962394.jpg
INC-0161,2026-10-02 23:03:16,678,Motorcycle,37.6,60.0,Red Light Signal Violation,North Approach,redlight_viol_678_1790962396.jpg
INC-0162,2026-10-02 23:03:18,684,Motorcycle,44.8,60.0,Red Light Signal Violation,North Approach,redlight_viol_684_1790962398.jpg
INC-0163,2026-10-02 23:03:21,688,Motorcycle,35.9,60.0,Red Light Signal Violation,South Approach,redlight_viol_688_1790962401.jpg
INC-0164,2026-10-02 23:03:21,687,Motorcycle,68.0,60.0,Over-speeding (68.0 km/h > 60.0 km/h),South Approach,speed_viol_687_1790962401.jpg
INC-0165,2026-10-02 23:03:24,696,Motorcycle,39.7,60.0,Red Light Signal Violation,North Approach,redlight_viol_696_1790962404.jpg
INC-0166,2026-10-02 23:03:24,697,Motorcycle,43.3,60.0,Red Light Signal Violation,South Approach,redlight_viol_697_1790962404.jpg
INC-0167,2026-10-02 23:03:26,703,Motorcycle,36.7,60.0,Red Light Signal Violation,South Approach,redlight_viol_703_1790962406.jpg
INC-0168,2026-10-02 23:03:27,683,Motorcycle,68.0,60.0,Over-speeding (68.0 km/h > 60.0 km/h),East Approach,speed_viol_683_1790962407.jpg
INC-0169,2026-10-02 23:03:28,711,Motorcycle,40.2,60.0,Red Light Signal Violation,South Approach,redlight_viol_711_1790962408.jpg
INC-0170,2026-10-02 23:03:29,714,Motorcycle,35.1,60.0,Red Light Signal Violation,North Approach,redlight_viol_714_1790962409.jpg
INC-0171,2026-10-02 23:03:30,704,Car,38.6,60.0,Red Light Signal Violation,North Approach,redlight_viol_704_1790962410.jpg
INC-0172,2026-10-02 23:03:30,715,Car,38.9,60.0,Red Light Signal Violation,South Approach,redlight_viol_715_1790962410.jpg
INC-0173,2026-10-02 23:03:32,713,Motorcycle,52.2,60.0,Red Light Signal Violation,North Approach,redlight_viol_713_1790962412.jpg
INC-0174,2026-10-02 23:03:32,723,Motorcycle,40.9,60.0,Red Light Signal Violation,South Approach,redlight_viol_723_1790962412.jpg
INC-0175,2026-10-02 23:03:33,727,Motorcycle,38.6,60.0,Red Light Signal Violation,North Approach,redlight_viol_727_1790962413.jpg
INC-0176,2026-10-02 23:03:34,728,Motorcycle,43.2,60.0,Red Light Signal Violation,South Approach,redlight_viol_728_1790962414.jpg
INC-0177,2026-10-02 23:03:35,721,Car,40.2,60.0,Red Light Signal Violation,North Approach,redlight_viol_721_1790962415.jpg
INC-0178,2026-10-02 23:03:37,734,Motorcycle,37.8,60.0,Red Light Signal Violation,North Approach,redlight_viol_734_1790962417.jpg
INC-0179,2026-10-02 23:03:41,742,Car,36.2,60.0,Red Light Signal Violation,East Approach,redlight_viol_742_1790962421.jpg
INC-0180,2026-10-02 23:03:42,733,Motorcycle,37.0,60.0,Red Light Signal Violation,West Approach,redlight_viol_733_1790962422.jpg
INC-0181,2026-10-02 23:03:44,752,Motorcycle,37.7,60.0,Red Light Signal Violation,East Approach,redlight_viol_752_1790962424.jpg
INC-0182,2026-10-02 23:03:45,753,Motorcycle,42.9,60.0,Red Light Signal Violation,East Approach,redlight_viol_753_1790962425.jpg
INC-0183,2026-10-02 23:03:47,756,Motorcycle,39.4,60.0,Red Light Signal Violation,East Approach,redlight_viol_756_1790962427.jpg
INC-0184,2026-10-02 23:03:49,750,Car,36.2,60.0,Red Light Signal Violation,East Approach,redlight_viol_750_1790962429.jpg
INC-0185,2026-10-02 23:03:51,773,Motorcycle,39.4,60.0,Red Light Signal Violation,East Approach,redlight_viol_773_1790962431.jpg
INC-0186,2026-10-02 23:03:53,776,Motorcycle,60.7,60.0,Over-speeding (60.7 km/h > 60.0 km/h),South Approach,speed_viol_776_1790962433.jpg
INC-0187,2026-10-02 23:03:53,777,Motorcycle,35.5,60.0,Red Light Signal Violation,West Approach,redlight_viol_777_1790962433.jpg
INC-0188,2026-10-02 23:03:59,772,Motorcycle,45.7,60.0,Red Light Signal Violation,East Approach,redlight_viol_772_1790962439.jpg
INC-0189,2026-10-02 23:03:59,772,Motorcycle,63.3,60.0,Over-speeding (63.3 km/h > 60.0 km/h),East Approach,speed_viol_772_1790962439.jpg
INC-0190,2026-10-02 23:04:01,778,Motorcycle,37.2,60.0,Red Light Signal Violation,East Approach,redlight_viol_778_1790962441.jpg
INC-0191,2026-10-02 23:04:03,803,Car,37.0,60.0,Red Light Signal Violation,West Approach,redlight_viol_803_1790962443.jpg
INC-0192,2026-10-02 23:04:03,784,Motorcycle,36.7,60.0,Red Light Signal Violation,West Approach,redlight_viol_784_1790962443.jpg
INC-0193,2026-10-02 23:04:09,822,Motorcycle,43.4,60.0,Red Light Signal Violation,West Approach,redlight_viol_822_1790962449.jpg
INC-0194,2026-10-02 23:04:13,830,Car,36.5,60.0,Red Light Signal Violation,East Approach,redlight_viol_830_1790962453.jpg
INC-0195,2026-10-02 23:04:14,821,Motorcycle,36.9,60.0,Red Light Signal Violation,West Approach,redlight_viol_821_1790962454.jpg
INC-0196,2026-10-02 23:04:16,840,Motorcycle,37.5,60.0,Red Light Signal Violation,East Approach,redlight_viol_840_1790962456.jpg
INC-0197,2026-10-02 23:04:17,841,Motorcycle,43.3,60.0,Red Light Signal Violation,East Approach,redlight_viol_841_1790962457.jpg
INC-0198,2026-10-02 23:04:17,844,Motorcycle,43.1,60.0,Red Light Signal Violation,South Approach,redlight_viol_844_1790962457.jpg
INC-0199,2026-10-02 23:04:18,839,Car,43.0,60.0,Red Light Signal Violation,South Approach,redlight_viol_839_1790962458.jpg
INC-0200,2026-10-02 23:04:20,855,Motorcycle,43.9,60.0,Red Light Signal Violation,North Approach,redlight_viol_855_1790962460.jpg
INC-0201,2026-10-02 23:04:23,861,Motorcycle,40.9,60.0,Red Light Signal Violation,North Approach,redlight_viol_861_1790962463.jpg
INC-0202,2026-10-02 23:04:25,865,Motorcycle,41.5,60.0,Red Light Signal Violation,South Approach,redlight_viol_865_1790962465.jpg
INC-0203,2026-10-02 23:04:25,864,Motorcycle,60.1,60.0,Over-speeding (60.1 km/h > 60.0 km/h),South Approach,speed_viol_864_1790962465.jpg
INC-0204,2026-10-02 23:04:26,867,Motorcycle,37.0,60.0,Red Light Signal Violation,South Approach,redlight_viol_867_1790962466.jpg
INC-0205,2026-10-02 23:04:28,873,Motorcycle,43.2,60.0,Red Light Signal Violation,North Approach,redlight_viol_873_1790962468.jpg
INC-0206,2026-10-02 23:04:28,874,Motorcycle,37.0,60.0,Red Light Signal Violation,South Approach,redlight_viol_874_1790962468.jpg
INC-0207,2026-10-02 23:04:31,860,Motorcycle,64.7,60.0,Over-speeding (64.7 km/h > 60.0 km/h),East Approach,speed_viol_860_1790962471.jpg
INC-0208,2026-10-02 23:04:32,888,Motorcycle,45.8,60.0,Red Light Signal Violation,South Approach,redlight_viol_888_1790962472.jpg
INC-0209,2026-10-02 23:04:33,891,Motorcycle,41.6,60.0,Red Light Signal Violation,North Approach,redlight_viol_891_1790962473.jpg
INC-0210,2026-10-02 23:04:34,881,Car,41.7,60.0,Red Light Signal Violation,North Approach,redlight_viol_881_1790962474.jpg
INC-0211,2026-10-02 23:04:34,892,Car,40.1,60.0,Red Light Signal Violation,South Approach,redlight_viol_892_1790962474.jpg
INC-0212,2026-10-02 23:04:36,890,Motorcycle,50.2,60.0,Red Light Signal Violation,North Approach,redlight_viol_890_1790962476.jpg
INC-0213,2026-10-02 23:04:37,900,Motorcycle,38.7,60.0,Red Light Signal Violation,South Approach,redlight_viol_900_1790962477.jpg
INC-0214,2026-10-02 23:04:37,904,Motorcycle,41.9,60.0,Red Light Signal Violation,North Approach,redlight_viol_904_1790962477.jpg
INC-0215,2026-10-02 23:04:38,905,Motorcycle,39.9,60.0,Red Light Signal Violation,South Approach,redlight_viol_905_1790962478.jpg
INC-0216,2026-10-02 23:04:39,898,Car,35.3,60.0,Red Light Signal Violation,North Approach,redlight_viol_898_1790962479.jpg
INC-0217,2026-10-02 23:04:41,911,Motorcycle,42.0,60.0,Red Light Signal Violation,North Approach,redlight_viol_911_1790962481.jpg
INC-0218,2026-10-02 23:04:43,916,Motorcycle,36.8,60.0,Red Light Signal Violation,South Approach,redlight_viol_916_1790962483.jpg
INC-0219,2026-10-02 23:04:46,923,Motorcycle,38.8,60.0,Red Light Signal Violation,North Approach,redlight_viol_923_1790962486.jpg
INC-0220,2026-10-02 23:04:48,929,Motorcycle,37.7,60.0,Red Light Signal Violation,North Approach,redlight_viol_929_1790962488.jpg
INC-0221,2026-10-02 23:04:49,930,Motorcycle,40.5,60.0,Red Light Signal Violation,South Approach,redlight_viol_930_1790962489.jpg
INC-0222,2026-10-02 23:04:49,925,Car,37.9,60.0,Red Light Signal Violation,North Approach,redlight_viol_925_1790962489.jpg
INC-0223,2026-10-02 23:04:50,933,Motorcycle,36.6,60.0,Red Light Signal Violation,South Approach,redlight_viol_933_1790962490.jpg
INC-0224,2026-10-02 23:04:51,928,Car,43.6,60.0,Red Light Signal Violation,South Approach,redlight_viol_928_1790962491.jpg
INC-0225,2026-10-02 23:04:51,938,Car,39.7,60.0,Red Light Signal Violation,South Approach,redlight_viol_938_1790962491.jpg
INC-0226,2026-10-02 23:04:53,944,Motorcycle,36.1,60.0,Red Light Signal Violation,North Approach,redlight_viol_944_1790962493.jpg
INC-0227,2026-10-02 23:04:55,950,Motorcycle,38.2,60.0,Red Light Signal Violation,North Approach,redlight_viol_950_1790962495.jpg
INC-0228,2026-10-02 23:04:58,954,Motorcycle,36.3,60.0,Red Light Signal Violation,East Approach,redlight_viol_954_1790962498.jpg
INC-0229,2026-10-02 23:04:58,953,Motorcycle,62.3,60.0,Over-speeding (62.3 km/h > 60.0 km/h),South Approach,speed_viol_953_1790962498.jpg
INC-0230,2026-10-02 23:05:02,967,Motorcycle,35.2,60.0,Red Light Signal Violation,East Approach,redlight_viol_967_1790962502.jpg
INC-0231,2026-10-02 23:05:03,949,Motorcycle,49.7,60.0,Red Light Signal Violation,East Approach,redlight_viol_949_1790962503.jpg
INC-0232,2026-10-02 23:05:03,949,Motorcycle,68.0,60.0,Over-speeding (68.0 km/h > 60.0 km/h),East Approach,speed_viol_949_1790962503.jpg
INC-0233,2026-10-02 23:05:05,955,Motorcycle,37.1,60.0,Red Light Signal Violation,East Approach,redlight_viol_955_1790962505.jpg
INC-0234,2026-10-02 23:05:07,980,Car,38.5,60.0,Red Light Signal Violation,West Approach,redlight_viol_980_1790962507.jpg
INC-0235,2026-10-02 23:05:08,961,Motorcycle,39.6,60.0,Red Light Signal Violation,West Approach,redlight_viol_961_1790962508.jpg
INC-0236,2026-10-02 23:05:09,980,Car,60.3,60.0,Over-speeding (60.3 km/h > 60.0 km/h),South Approach,speed_viol_980_1790962509.jpg
INC-0237,2026-10-02 23:05:13,999,Motorcycle,42.1,60.0,Red Light Signal Violation,West Approach,redlight_viol_999_1790962513.jpg
INC-0238,2026-10-02 23:05:17,1007,Car,36.4,60.0,Red Light Signal Violation,East Approach,redlight_viol_1007_1790962517.jpg
INC-0239,2026-10-02 23:05:18,1011,Motorcycle,40.0,60.0,Red Light Signal Violation,East Approach,redlight_viol_1011_1790962518.jpg
INC-0240,2026-10-02 23:05:18,998,Motorcycle,39.0,60.0,Red Light Signal Violation,West Approach,redlight_viol_998_1790962518.jpg
INC-0241,2026-10-02 23:05:18,1008,Motorcycle,63.1,60.0,Over-speeding (63.1 km/h > 60.0 km/h),West Approach,speed_viol_1008_1790962518.jpg
INC-0242,2026-10-02 23:05:20,1017,Motorcycle,36.4,60.0,Red Light Signal Violation,East Approach,redlight_viol_1017_1790962520.jpg
INC-0243,2026-10-02 23:05:21,1018,Motorcycle,46.4,60.0,Red Light Signal Violation,East Approach,redlight_viol_1018_1790962521.jpg
INC-0244,2026-10-02 23:05:22,1021,Motorcycle,36.4,60.0,Red Light Signal Violation,East Approach,redlight_viol_1021_1790962522.jpg
INC-0245,2026-10-02 23:05:25,1015,Car,36.0,60.0,Red Light Signal Violation,East Approach,redlight_viol_1015_1790962525.jpg
INC-0246,2026-10-02 23:05:27,1038,Motorcycle,40.5,60.0,Red Light Signal Violation,North Approach,redlight_viol_1038_1790962527.jpg
INC-0247,2026-10-02 23:05:29,1042,Motorcycle,45.5,60.0,Red Light Signal Violation,South Approach,redlight_viol_1042_1790962529.jpg
INC-0248,2026-10-02 23:05:29,1041,Motorcycle,61.3,60.0,Over-speeding (61.3 km/h > 60.0 km/h),South Approach,speed_viol_1041_1790962529.jpg
INC-0249,2026-10-02 23:05:30,1044,Motorcycle,36.4,60.0,Red Light Signal Violation,South Approach,redlight_viol_1044_1790962530.jpg
INC-0250,2026-10-02 23:05:32,1050,Motorcycle,40.1,60.0,Red Light Signal Violation,North Approach,redlight_viol_1050_1790962532.jpg
INC-0251,2026-10-02 23:05:32,1051,Motorcycle,43.5,60.0,Red Light Signal Violation,South Approach,redlight_viol_1051_1790962532.jpg
INC-0252,2026-10-02 23:05:33,1055,Motorcycle,45.6,60.0,Red Light Signal Violation,North Approach,redlight_viol_1055_1790962533.jpg
INC-0253,2026-10-02 23:05:35,1037,Motorcycle,66.2,60.0,Over-speeding (66.2 km/h > 60.0 km/h),East Approach,speed_viol_1037_1790962535.jpg
INC-0254,2026-10-02 23:05:37,1068,Motorcycle,44.7,60.0,Red Light Signal Violation,North Approach,redlight_viol_1068_1790962537.jpg
INC-0255,2026-10-02 23:05:38,1058,Car,43.5,60.0,Red Light Signal Violation,North Approach,redlight_viol_1058_1790962538.jpg
INC-0256,2026-10-02 23:05:40,1067,Motorcycle,51.5,60.0,Red Light Signal Violation,North Approach,redlight_viol_1067_1790962540.jpg
INC-0257,2026-10-02 23:05:40,1069,Car,59.5,60.0,Red Light Signal Violation,South Approach,redlight_viol_1069_1790962540.jpg
INC-0258,2026-10-02 23:05:41,1081,Motorcycle,40.1,60.0,Red Light Signal Violation,North Approach,redlight_viol_1081_1790962541.jpg
INC-0259,2026-10-02 23:05:42,1082,Motorcycle,36.7,60.0,Red Light Signal Violation,South Approach,redlight_viol_1082_1790962542.jpg
INC-0260,2026-10-02 23:05:43,1075,Car,38.5,60.0,Red Light Signal Violation,North Approach,redlight_viol_1075_1790962543.jpg
INC-0261,2026-10-02 23:05:44,1088,Motorcycle,45.4,60.0,Red Light Signal Violation,North Approach,redlight_viol_1088_1790962544.jpg
INC-0262,2026-10-02 23:05:46,1093,Motorcycle,43.3,60.0,Red Light Signal Violation,South Approach,redlight_viol_1093_1790962546.jpg
INC-0263,2026-10-02 23:05:49,1100,Motorcycle,41.3,60.0,Red Light Signal Violation,North Approach,redlight_viol_1100_1790962549.jpg
INC-0264,2026-10-02 23:05:49,1097,Motorcycle,62.8,60.0,Over-speeding (62.8 km/h > 60.0 km/h),West Approach,speed_viol_1097_1790962549.jpg
INC-0265,2026-10-02 23:05:51,1106,Motorcycle,38.9,60.0,Red Light Signal Violation,North Approach,redlight_viol_1106_1790962551.jpg
INC-0266,2026-10-02 23:05:51,1107,Motorcycle,35.5,60.0,Red Light Signal Violation,South Approach,redlight_viol_1107_1790962551.jpg
INC-0267,2026-10-02 23:05:51,1102,Car,42.6,60.0,Red Light Signal Violation,North Approach,redlight_viol_1102_1790962551.jpg
INC-0268,2026-10-02 23:05:51,1102,Car,63.6,60.0,Over-speeding (63.6 km/h > 60.0 km/h),North Approach,speed_viol_1102_1790962551.jpg
INC-0269,2026-10-02 23:05:52,1110,Motorcycle,40.3,60.0,Red Light Signal Violation,South Approach,redlight_viol_1110_1790962552.jpg
INC-0270,2026-10-02 23:05:52,1105,Car,45.0,60.0,Red Light Signal Violation,South Approach,redlight_viol_1105_1790962552.jpg
INC-0271,2026-10-02 23:05:53,1115,Car,42.2,60.0,Red Light Signal Violation,South Approach,redlight_viol_1115_1790962553.jpg
INC-0272,2026-10-02 23:05:53,1108,Motorcycle,36.1,60.0,Red Light Signal Violation,North Approach,redlight_viol_1108_1790962553.jpg
INC-0273,2026-10-02 23:05:54,1121,Motorcycle,45.0,60.0,Red Light Signal Violation,North Approach,redlight_viol_1121_1790962554.jpg
INC-0274,2026-10-02 23:05:57,1127,Motorcycle,36.4,60.0,Red Light Signal Violation,North Approach,redlight_viol_1127_1790962557.jpg
INC-0275,2026-10-02 23:05:58,1131,Motorcycle,38.4,60.0,Red Light Signal Violation,South Approach,redlight_viol_1131_1790962558.jpg
INC-0276,2026-10-02 23:05:59,1130,Motorcycle,63.3,60.0,Over-speeding (63.3 km/h > 60.0 km/h),South Approach,speed_viol_1130_1790962559.jpg
INC-0277,2026-10-02 23:05:59,1133,Motorcycle,42.9,60.0,Red Light Signal Violation,South Approach,redlight_viol_1133_1790962559.jpg
INC-0278,2026-10-02 23:06:00,1131,Motorcycle,61.4,60.0,Over-speeding (61.4 km/h > 60.0 km/h),West Approach,speed_viol_1131_1790962560.jpg
INC-0279,2026-10-02 23:06:01,1139,Motorcycle,37.2,60.0,Red Light Signal Violation,North Approach,redlight_viol_1139_1790962561.jpg
INC-0280,2026-10-02 23:06:01,1140,Motorcycle,41.5,60.0,Red Light Signal Violation,South Approach,redlight_viol_1140_1790962561.jpg
INC-0281,2026-10-02 23:06:02,1144,Motorcycle,40.6,60.0,Red Light Signal Violation,North Approach,redlight_viol_1144_1790962562.jpg
INC-0282,2026-10-02 23:06:04,1126,Motorcycle,65.4,60.0,Over-speeding (65.4 km/h > 60.0 km/h),East Approach,speed_viol_1126_1790962564.jpg
INC-0283,2026-10-02 23:06:06,1156,Motorcycle,35.2,60.0,Red Light Signal Violation,North Approach,redlight_viol_1156_1790962566.jpg
INC-0284,2026-10-02 23:06:08,1146,Car,39.5,60.0,Red Light Signal Violation,North Approach,redlight_viol_1146_1790962568.jpg
INC-0285,2026-10-02 23:06:08,1157,Car,38.4,60.0,Red Light Signal Violation,South Approach,redlight_viol_1157_1790962568.jpg
INC-0286,2026-10-02 23:06:09,1155,Motorcycle,54.2,60.0,Red Light Signal Violation,North Approach,redlight_viol_1155_1790962569.jpg
INC-0287,2026-10-02 23:06:10,1165,Motorcycle,37.4,60.0,Red Light Signal Violation,South Approach,redlight_viol_1165_1790962570.jpg
INC-0288,2026-10-02 23:06:10,1169,Motorcycle,43.2,60.0,Red Light Signal Violation,North Approach,redlight_viol_1169_1790962570.jpg
INC-0289,2026-10-02 23:06:11,1170,Motorcycle,40.1,60.0,Red Light Signal Violation,South Approach,redlight_viol_1170_1790962571.jpg
INC-0290,2026-10-02 23:06:12,1163,Car,39.9,60.0,Red Light Signal Violation,North Approach,redlight_viol_1163_1790962572.jpg
INC-0291,2026-10-02 23:06:14,1176,Motorcycle,37.3,60.0,Red Light Signal Violation,North Approach,redlight_viol_1176_1790962574.jpg
INC-0292,2026-10-02 23:06:18,1184,Car,38.9,60.0,Red Light Signal Violation,East Approach,redlight_viol_1184_1790962578.jpg
INC-0293,2026-10-02 23:06:19,1175,Motorcycle,37.1,60.0,Red Light Signal Violation,West Approach,redlight_viol_1175_1790962579.jpg
INC-0294,2026-10-02 23:06:21,1195,Motorcycle,35.5,60.0,Red Light Signal Violation,West Approach,redlight_viol_1195_1790962581.jpg
INC-0295,2026-10-02 23:06:24,1198,Motorcycle,40.4,60.0,Red Light Signal Violation,East Approach,redlight_viol_1198_1790962584.jpg
INC-0296,2026-10-02 23:06:24,1203,Car,38.2,60.0,Red Light Signal Violation,West Approach,redlight_viol_1203_1790962584.jpg
INC-0297,2026-10-02 23:06:30,1219,Motorcycle,36.8,60.0,Red Light Signal Violation,East Approach,redlight_viol_1219_1790962590.jpg
INC-0298,2026-10-02 23:06:30,1218,Motorcycle,63.4,60.0,Over-speeding (63.4 km/h > 60.0 km/h),South Approach,speed_viol_1218_1790962590.jpg
INC-0299,2026-10-02 23:06:35,1232,Motorcycle,37.5,60.0,Red Light Signal Violation,East Approach,redlight_viol_1232_1790962595.jpg
INC-0300,2026-10-02 23:06:36,1234,Motorcycle,36.1,60.0,Red Light Signal Violation,East Approach,redlight_viol_1234_1790962596.jpg
INC-0301,2026-10-02 23:06:36,1214,Motorcycle,47.0,60.0,Red Light Signal Violation,East Approach,redlight_viol_1214_1790962596.jpg
INC-0302,2026-10-02 23:06:36,1214,Motorcycle,61.3,60.0,Over-speeding (61.3 km/h > 60.0 km/h),East Approach,speed_viol_1214_1790962596.jpg
INC-0303,2026-10-02 23:06:38,1220,Motorcycle,35.6,60.0,Red Light Signal Violation,East Approach,redlight_viol_1220_1790962598.jpg
INC-0304,2026-10-02 23:06:40,1246,Car,37.8,60.0,Red Light Signal Violation,West Approach,redlight_viol_1246_1790962600.jpg
INC-0305,2026-10-02 23:06:41,1226,Motorcycle,36.8,60.0,Red Light Signal Violation,West Approach,redlight_viol_1226_1790962601.jpg
INC-0306,2026-10-02 23:06:46,1265,Motorcycle,38.4,60.0,Red Light Signal Violation,West Approach,redlight_viol_1265_1790962606.jpg
INC-0307,2026-10-02 23:06:51,1277,Motorcycle,36.5,60.0,Red Light Signal Violation,East Approach,redlight_viol_1277_1790962611.jpg
INC-0308,2026-10-02 23:06:52,1264,Motorcycle,36.3,60.0,Red Light Signal Violation,West Approach,redlight_viol_1264_1790962612.jpg
INC-0309,2026-10-02 23:06:53,1283,Motorcycle,43.3,60.0,Red Light Signal Violation,North Approach,redlight_viol_1283_1790962613.jpg
INC-0310,2026-10-02 23:06:54,1284,Motorcycle,40.0,60.0,Red Light Signal Violation,South Approach,redlight_viol_1284_1790962614.jpg
INC-0311,2026-10-02 23:06:54,1279,Car,38.0,60.0,Red Light Signal Violation,North Approach,redlight_viol_1279_1790962614.jpg
INC-0312,2026-10-02 23:06:55,1287,Motorcycle,37.7,60.0,Red Light Signal Violation,South Approach,redlight_viol_1287_1790962615.jpg
INC-0313,2026-10-02 23:06:56,1282,Car,39.9,60.0,Red Light Signal Violation,South Approach,redlight_viol_1282_1790962616.jpg
INC-0314,2026-10-02 23:06:56,1292,Car,41.6,60.0,Red Light Signal Violation,South Approach,redlight_viol_1292_1790962616.jpg
INC-0315,2026-10-02 23:06:58,1298,Motorcycle,42.8,60.0,Red Light Signal Violation,North Approach,redlight_viol_1298_1790962618.jpg
INC-0316,2026-10-02 23:07:01,1304,Motorcycle,43.4,60.0,Red Light Signal Violation,North Approach,redlight_viol_1304_1790962621.jpg
INC-0317,2026-10-02 23:07:03,1308,Motorcycle,39.3,60.0,Red Light Signal Violation,South Approach,redlight_viol_1308_1790962623.jpg
INC-0318,2026-10-02 23:07:03,1307,Motorcycle,60.6,60.0,Over-speeding (60.6 km/h > 60.0 km/h),South Approach,speed_viol_1307_1790962623.jpg
INC-0319,2026-10-02 23:07:04,1310,Motorcycle,38.3,60.0,Red Light Signal Violation,South Approach,redlight_viol_1310_1790962624.jpg
INC-0320,2026-10-02 23:07:06,1316,Motorcycle,35.4,60.0,Red Light Signal Violation,North Approach,redlight_viol_1316_1790962626.jpg
INC-0321,2026-10-02 23:07:06,1317,Motorcycle,43.0,60.0,Red Light Signal Violation,South Approach,redlight_viol_1317_1790962626.jpg
INC-0322,2026-10-02 23:07:09,1303,Motorcycle,62.7,60.0,Over-speeding (62.7 km/h > 60.0 km/h),East Approach,speed_viol_1303_1790962629.jpg
INC-0323,2026-10-02 23:07:10,1330,Motorcycle,42.4,60.0,Red Light Signal Violation,South Approach,redlight_viol_1330_1790962630.jpg
INC-0324,2026-10-02 23:07:11,1333,Motorcycle,35.9,60.0,Red Light Signal Violation,North Approach,redlight_viol_1333_1790962631.jpg
INC-0325,2026-10-02 23:07:12,1323,Car,39.1,60.0,Red Light Signal Violation,North Approach,redlight_viol_1323_1790962632.jpg
INC-0326,2026-10-02 23:07:14,1332,Motorcycle,52.8,60.0,Red Light Signal Violation,North Approach,redlight_viol_1332_1790962634.jpg
INC-0327,2026-10-02 23:07:15,1334,Car,57.3,60.0,Red Light Signal Violation,South Approach,redlight_viol_1334_1790962635.jpg
INC-0328,2026-10-02 23:07:15,1342,Motorcycle,42.9,60.0,Red Light Signal Violation,South Approach,redlight_viol_1342_1790962635.jpg
INC-0329,2026-10-02 23:07:15,1346,Motorcycle,45.8,60.0,Red Light Signal Violation,North Approach,redlight_viol_1346_1790962635.jpg
INC-0330,2026-10-02 23:07:16,1347,Motorcycle,39.4,60.0,Red Light Signal Violation,South Approach,redlight_viol_1347_1790962636.jpg
INC-0331,2026-10-02 23:07:17,1340,Car,39.3,60.0,Red Light Signal Violation,North Approach,redlight_viol_1340_1790962637.jpg
INC-0332,2026-10-02 23:07:19,1353,Motorcycle,36.4,60.0,Red Light Signal Violation,North Approach,redlight_viol_1353_1790962639.jpg
INC-0333,2026-10-02 23:07:21,1358,Motorcycle,45.8,60.0,Red Light Signal Violation,South Approach,redlight_viol_1358_1790962641.jpg
INC-0334,2026-10-02 23:07:24,1365,Motorcycle,36.5,60.0,Red Light Signal Violation,North Approach,redlight_viol_1365_1790962644.jpg
INC-0335,2026-10-02 23:07:26,1371,Motorcycle,45.4,60.0,Red Light Signal Violation,North Approach,redlight_viol_1371_1790962646.jpg
INC-0336,2026-10-02 23:07:27,1367,Car,36.3,60.0,Red Light Signal Violation,North Approach,redlight_viol_1367_1790962647.jpg
INC-0337,2026-10-02 23:07:27,1372,Motorcycle,45.6,60.0,Red Light Signal Violation,North Approach,redlight_viol_1372_1790962647.jpg
INC-0338,2026-10-02 23:07:28,1375,Motorcycle,36.5,60.0,Red Light Signal Violation,South Approach,redlight_viol_1375_1790962648.jpg
INC-0339,2026-10-02 23:07:28,1370,Car,42.8,60.0,Red Light Signal Violation,South Approach,redlight_viol_1370_1790962648.jpg
INC-0340,2026-10-02 23:07:29,1380,Car,37.4,60.0,Red Light Signal Violation,South Approach,redlight_viol_1380_1790962649.jpg
INC-0341,2026-10-02 23:07:31,1386,Motorcycle,38.0,60.0,Red Light Signal Violation,North Approach,redlight_viol_1386_1790962651.jpg
INC-0342,2026-10-02 23:07:33,1392,Motorcycle,44.2,60.0,Red Light Signal Violation,North Approach,redlight_viol_1392_1790962653.jpg
INC-0343,2026-10-02 23:07:36,1396,Motorcycle,37.2,60.0,Red Light Signal Violation,East Approach,redlight_viol_1396_1790962656.jpg
INC-0344,2026-10-02 23:07:36,1395,Motorcycle,63.1,60.0,Over-speeding (63.1 km/h > 60.0 km/h),South Approach,speed_viol_1395_1790962656.jpg
INC-0345,2026-10-02 23:07:41,1411,Motorcycle,39.0,60.0,Red Light Signal Violation,West Approach,redlight_viol_1411_1790962661.jpg
INC-0346,2026-10-02 23:07:42,1391,Motorcycle,46.8,60.0,Red Light Signal Violation,East Approach,redlight_viol_1391_1790962662.jpg
INC-0347,2026-10-02 23:07:42,1391,Motorcycle,67.3,60.0,Over-speeding (67.3 km/h > 60.0 km/h),East Approach,speed_viol_1391_1790962662.jpg
INC-0348,2026-10-02 23:07:43,1397,Motorcycle,38.4,60.0,Red Light Signal Violation,East Approach,redlight_viol_1397_1790962663.jpg
INC-0349,2026-10-02 23:07:45,1423,Car,40.1,60.0,Red Light Signal Violation,East Approach,redlight_viol_1423_1790962665.jpg
INC-0350,2026-10-02 23:07:45,1423,Car,61.3,60.0,Over-speeding (61.3 km/h > 60.0 km/h),North Approach,speed_viol_1423_1790962665.jpg
INC-0351,2026-10-02 23:07:46,1403,Motorcycle,37.9,60.0,Red Light Signal Violation,West Approach,redlight_viol_1403_1790962666.jpg
INC-0352,2026-10-02 23:07:51,1442,Motorcycle,43.3,60.0,Red Light Signal Violation,West Approach,redlight_viol_1442_1790962671.jpg
INC-0353,2026-10-02 23:07:55,1450,Car,35.9,60.0,Red Light Signal Violation,East Approach,redlight_viol_1450_1790962675.jpg
INC-0354,2026-10-02 23:07:56,1454,Motorcycle,39.6,60.0,Red Light Signal Violation,East Approach,redlight_viol_1454_1790962676.jpg
INC-0355,2026-10-02 23:07:56,1441,Motorcycle,37.3,60.0,Red Light Signal Violation,West Approach,redlight_viol_1441_1790962676.jpg
INC-0356,2026-10-02 23:07:58,1461,Motorcycle,38.2,60.0,Red Light Signal Violation,West Approach,redlight_viol_1461_1790962678.jpg
INC-0357,2026-10-02 23:08:01,1464,Motorcycle,41.4,60.0,Red Light Signal Violation,East Approach,redlight_viol_1464_1790962681.jpg
INC-0358,2026-10-02 23:08:01,1469,Car,39.4,60.0,Red Light Signal Violation,West Approach,redlight_viol_1469_1790962681.jpg
INC-0359,2026-10-02 23:08:07,1485,Motorcycle,36.8,60.0,Red Light Signal Violation,South Approach,redlight_viol_1485_1790962687.jpg
INC-0360,2026-10-02 23:08:07,1484,Motorcycle,62.7,60.0,Over-speeding (62.7 km/h > 60.0 km/h),South Approach,speed_viol_1484_1790962687.jpg
INC-0361,2026-10-02 23:08:08,1487,Motorcycle,45.1,60.0,Red Light Signal Violation,South Approach,redlight_viol_1487_1790962688.jpg
INC-0362,2026-10-02 23:08:10,1493,Motorcycle,39.6,60.0,Red Light Signal Violation,North Approach,redlight_viol_1493_1790962690.jpg
INC-0363,2026-10-02 23:08:10,1494,Motorcycle,44.7,60.0,Red Light Signal Violation,South Approach,redlight_viol_1494_1790962690.jpg
INC-0364,2026-10-02 23:08:11,1498,Motorcycle,43.3,60.0,Red Light Signal Violation,North Approach,redlight_viol_1498_1790962691.jpg
INC-0365,2026-10-02 23:08:13,1480,Motorcycle,68.0,60.0,Over-speeding (68.0 km/h > 60.0 km/h),East Approach,speed_viol_1480_1790962693.jpg
INC-0366,2026-10-02 23:08:13,1480,Motorcycle,35.8,60.0,Red Light Signal Violation,South Approach,redlight_viol_1480_1790962693.jpg
INC-0367,2026-10-02 23:08:15,1510,Motorcycle,43.8,60.0,Red Light Signal Violation,North Approach,redlight_viol_1510_1790962695.jpg
INC-0368,2026-10-02 23:08:16,1500,Car,35.3,60.0,Red Light Signal Violation,North Approach,redlight_viol_1500_1790962696.jpg
INC-0369,2026-10-02 23:08:18,1509,Motorcycle,56.4,60.0,Red Light Signal Violation,North Approach,redlight_viol_1509_1790962698.jpg
INC-0370,2026-10-02 23:08:18,1511,Car,61.1,60.0,Over-speeding (61.1 km/h > 60.0 km/h),South Approach,speed_viol_1511_1790962698.jpg
INC-0371,2026-10-02 23:08:18,1511,Car,61.1,60.0,Red Light Signal Violation,South Approach,redlight_viol_1511_1790962698.jpg
INC-0372,2026-10-02 23:08:18,1519,Motorcycle,41.8,60.0,Red Light Signal Violation,South Approach,redlight_viol_1519_1790962698.jpg
INC-0373,2026-10-02 23:08:19,1523,Motorcycle,35.1,60.0,Red Light Signal Violation,North Approach,redlight_viol_1523_1790962699.jpg
INC-0374,2026-10-02 23:08:20,1524,Motorcycle,40.1,60.0,Red Light Signal Violation,South Approach,redlight_viol_1524_1790962700.jpg
INC-0375,2026-10-02 23:08:21,1517,Car,38.8,60.0,Red Light Signal Violation,North Approach,redlight_viol_1517_1790962701.jpg
INC-0376,2026-10-02 23:08:22,1530,Motorcycle,35.6,60.0,Red Light Signal Violation,North Approach,redlight_viol_1530_1790962702.jpg
INC-0377,2026-10-02 23:08:24,1535,Motorcycle,44.6,60.0,Red Light Signal Violation,South Approach,redlight_viol_1535_1790962704.jpg
INC-0378,2026-10-02 23:08:27,1542,Motorcycle,39.1,60.0,Red Light Signal Violation,North Approach,redlight_viol_1542_1790962707.jpg
INC-0379,2026-10-02 23:08:29,1548,Motorcycle,42.5,60.0,Red Light Signal Violation,North Approach,redlight_viol_1548_1790962709.jpg
INC-0380,2026-10-02 23:08:29,1544,Car,40.0,60.0,Red Light Signal Violation,North Approach,redlight_viol_1544_1790962709.jpg
INC-0381,2026-10-02 23:08:30,1549,Motorcycle,48.0,60.0,Red Light Signal Violation,North Approach,redlight_viol_1549_1790962710.jpg
INC-0382,2026-10-02 23:08:30,1552,Motorcycle,47.8,60.0,Red Light Signal Violation,South Approach,redlight_viol_1552_1790962710.jpg
INC-0383,2026-10-02 23:08:31,1547,Car,41.3,60.0,Red Light Signal Violation,South Approach,redlight_viol_1547_1790962711.jpg
INC-0384,2026-10-02 23:08:33,1563,Motorcycle,38.9,60.0,Red Light Signal Violation,North Approach,redlight_viol_1563_1790962713.jpg
INC-0385,2026-10-02 23:08:36,1569,Motorcycle,41.1,60.0,Red Light Signal Violation,North Approach,redlight_viol_1569_1790962716.jpg
INC-0386,2026-10-02 23:08:38,1573,Motorcycle,37.1,60.0,Red Light Signal Violation,South Approach,redlight_viol_1573_1790962718.jpg
INC-0387,2026-10-02 23:08:38,1572,Motorcycle,60.6,60.0,Over-speeding (60.6 km/h > 60.0 km/h),South Approach,speed_viol_1572_1790962718.jpg
INC-0388,2026-10-02 23:08:39,1575,Motorcycle,45.7,60.0,Red Light Signal Violation,South Approach,redlight_viol_1575_1790962719.jpg
INC-0389,2026-10-02 23:08:41,1581,Motorcycle,44.5,60.0,Red Light Signal Violation,North Approach,redlight_viol_1581_1790962721.jpg
INC-0390,2026-10-02 23:08:41,1582,Motorcycle,38.5,60.0,Red Light Signal Violation,South Approach,redlight_viol_1582_1790962721.jpg
INC-0391,2026-10-02 23:08:42,1586,Motorcycle,42.8,60.0,Red Light Signal Violation,North Approach,redlight_viol_1586_1790962722.jpg
INC-0392,2026-10-02 23:08:43,1588,Motorcycle,40.5,60.0,Red Light Signal Violation,South Approach,redlight_viol_1588_1790962723.jpg
INC-0393,2026-10-02 23:08:44,1568,Motorcycle,66.7,60.0,Over-speeding (66.7 km/h > 60.0 km/h),East Approach,speed_viol_1568_1790962724.jpg
INC-0394,2026-10-02 23:08:45,1596,Motorcycle,38.1,60.0,Red Light Signal Violation,South Approach,redlight_viol_1596_1790962725.jpg
INC-0395,2026-10-02 23:08:46,1599,Motorcycle,45.5,60.0,Red Light Signal Violation,North Approach,redlight_viol_1599_1790962726.jpg
INC-0396,2026-10-02 23:08:47,1589,Car,38.1,60.0,Red Light Signal Violation,North Approach,redlight_viol_1589_1790962727.jpg
INC-0397,2026-10-02 23:08:47,1600,Car,44.7,60.0,Red Light Signal Violation,South Approach,redlight_viol_1600_1790962727.jpg
INC-0398,2026-10-02 23:08:47,1600,Car,60.2,60.0,Over-speeding (60.2 km/h > 60.0 km/h),North Approach,speed_viol_1600_1790962727.jpg
INC-0399,2026-10-02 23:08:49,1598,Motorcycle,57.0,60.0,Red Light Signal Violation,North Approach,redlight_viol_1598_1790962729.jpg
INC-0400,2026-10-02 23:08:50,1612,Motorcycle,40.0,60.0,Red Light Signal Violation,North Approach,redlight_viol_1612_1790962730.jpg
INC-0401,2026-10-02 23:08:51,1613,Motorcycle,36.1,60.0,Red Light Signal Violation,South Approach,redlight_viol_1613_1790962731.jpg
INC-0402,2026-10-02 23:08:54,1619,Motorcycle,39.0,60.0,Red Light Signal Violation,North Approach,redlight_viol_1619_1790962734.jpg
INC-0403,2026-10-02 23:08:56,1624,Motorcycle,38.0,60.0,Red Light Signal Violation,South Approach,redlight_viol_1624_1790962736.jpg
INC-0404,2026-10-02 23:08:59,1627,Car,35.1,60.0,Red Light Signal Violation,East Approach,redlight_viol_1627_1790962739.jpg
INC-0405,2026-10-02 23:09:00,1631,Motorcycle,39.1,60.0,Red Light Signal Violation,East Approach,redlight_viol_1631_1790962740.jpg
INC-0406,2026-10-02 23:09:02,1637,Motorcycle,37.8,60.0,Red Light Signal Violation,East Approach,redlight_viol_1637_1790962742.jpg
INC-0407,2026-10-02 23:09:03,1638,Motorcycle,40.7,60.0,Red Light Signal Violation,East Approach,redlight_viol_1638_1790962743.jpg
INC-0408,2026-10-02 23:09:05,1641,Motorcycle,36.0,60.0,Red Light Signal Violation,East Approach,redlight_viol_1641_1790962745.jpg
INC-0409,2026-10-02 23:09:08,1635,Car,36.1,60.0,Red Light Signal Violation,East Approach,redlight_viol_1635_1790962748.jpg
INC-0410,2026-10-02 23:09:09,1658,Motorcycle,40.7,60.0,Red Light Signal Violation,East Approach,redlight_viol_1658_1790962749.jpg
INC-0411,2026-10-02 23:09:12,1661,Motorcycle,63.2,60.0,Over-speeding (63.2 km/h > 60.0 km/h),South Approach,speed_viol_1661_1790962752.jpg
INC-0412,2026-10-02 23:09:12,1662,Motorcycle,37.6,60.0,Red Light Signal Violation,West Approach,redlight_viol_1662_1790962752.jpg
INC-0413,2026-10-02 23:09:16,1675,Motorcycle,35.7,60.0,Red Light Signal Violation,East Approach,redlight_viol_1675_1790962756.jpg
INC-0414,2026-10-02 23:09:17,1657,Motorcycle,49.1,60.0,Red Light Signal Violation,East Approach,redlight_viol_1657_1790962757.jpg
INC-0415,2026-10-02 23:09:17,1657,Motorcycle,66.1,60.0,Over-speeding (66.1 km/h > 60.0 km/h),East Approach,speed_viol_1657_1790962757.jpg
INC-0416,2026-10-02 23:09:19,1663,Motorcycle,35.9,60.0,Red Light Signal Violation,East Approach,redlight_viol_1663_1790962759.jpg
INC-0417,2026-10-02 23:09:21,1688,Car,38.2,60.0,Red Light Signal Violation,East Approach,redlight_viol_1688_1790962761.jpg
INC-0418,2026-10-02 23:09:22,1669,Motorcycle,39.6,60.0,Red Light Signal Violation,West Approach,redlight_viol_1669_1790962762.jpg
INC-0419,2026-10-02 23:09:27,1707,Motorcycle,41.4,60.0,Red Light Signal Violation,West Approach,redlight_viol_1707_1790962767.jpg
INC-0420,2026-10-02 23:09:31,1715,Car,36.4,60.0,Red Light Signal Violation,East Approach,redlight_viol_1715_1790962771.jpg
INC-0421,2026-10-02 23:09:32,1706,Motorcycle,36.6,60.0,Red Light Signal Violation,West Approach,redlight_viol_1706_1790962772.jpg
INC-0422,2026-10-02 23:09:34,1725,Motorcycle,38.2,60.0,Red Light Signal Violation,North Approach,redlight_viol_1725_1790962774.jpg
INC-0423,2026-10-02 23:09:34,1726,Motorcycle,42.2,60.0,Red Light Signal Violation,South Approach,redlight_viol_1726_1790962774.jpg
INC-0424,2026-10-02 23:09:34,1721,Car,39.3,60.0,Red Light Signal Violation,North Approach,redlight_viol_1721_1790962774.jpg
INC-0425,2026-10-02 23:09:35,1729,Motorcycle,37.4,60.0,Red Light Signal Violation,South Approach,redlight_viol_1729_1790962775.jpg
INC-0426,2026-10-02 23:09:36,1724,Car,39.4,60.0,Red Light Signal Violation,South Approach,redlight_viol_1724_1790962776.jpg
INC-0427,2026-10-02 23:09:37,1734,Car,39.6,60.0,Red Light Signal Violation,South Approach,redlight_viol_1734_1790962777.jpg
INC-0428,2026-10-02 23:09:38,1740,Motorcycle,42.0,60.0,Red Light Signal Violation,North Approach,redlight_viol_1740_1790962778.jpg
INC-0429,2026-10-02 23:09:41,1746,Motorcycle,45.0,60.0,Red Light Signal Violation,North Approach,redlight_viol_1746_1790962781.jpg
INC-0430,2026-10-02 23:09:43,1750,Motorcycle,38.9,60.0,Red Light Signal Violation,South Approach,redlight_viol_1750_1790962783.jpg
INC-0431,2026-10-02 23:09:43,1749,Motorcycle,60.8,60.0,Over-speeding (60.8 km/h > 60.0 km/h),South Approach,speed_viol_1749_1790962783.jpg
INC-0432,2026-10-02 23:09:46,1758,Motorcycle,38.4,60.0,Red Light Signal Violation,North Approach,redlight_viol_1758_1790962786.jpg
INC-0433,2026-10-02 23:09:46,1759,Motorcycle,37.5,60.0,Red Light Signal Violation,South Approach,redlight_viol_1759_1790962786.jpg
INC-0434,2026-10-02 23:09:48,1763,Motorcycle,42.9,60.0,Red Light Signal Violation,North Approach,redlight_viol_1763_1790962788.jpg
INC-0435,2026-10-02 23:09:48,1765,Motorcycle,38.6,60.0,Red Light Signal Violation,South Approach,redlight_viol_1765_1790962788.jpg
INC-0436,2026-10-02 23:09:49,1745,Motorcycle,66.7,60.0,Over-speeding (66.7 km/h > 60.0 km/h),East Approach,speed_viol_1745_1790962789.jpg
INC-0437,2026-10-02 23:09:51,1773,Motorcycle,40.3,60.0,Red Light Signal Violation,South Approach,redlight_viol_1773_1790962791.jpg
INC-0438,2026-10-02 23:09:51,1776,Motorcycle,44.8,60.0,Red Light Signal Violation,North Approach,redlight_viol_1776_1790962791.jpg
INC-0439,2026-10-02 23:09:52,1766,Car,41.7,60.0,Red Light Signal Violation,North Approach,redlight_viol_1766_1790962792.jpg
INC-0440,2026-10-02 23:09:53,1777,Car,39.5,60.0,Red Light Signal Violation,South Approach,redlight_viol_1777_1790962793.jpg
INC-0441,2026-10-02 23:09:54,1775,Motorcycle,55.6,60.0,Red Light Signal Violation,North Approach,redlight_viol_1775_1790962794.jpg
INC-0442,2026-10-02 23:09:55,1785,Motorcycle,39.0,60.0,Red Light Signal Violation,South Approach,redlight_viol_1785_1790962795.jpg
INC-0443,2026-10-02 23:09:55,1789,Motorcycle,39.1,60.0,Red Light Signal Violation,North Approach,redlight_viol_1789_1790962795.jpg
INC-0444,2026-10-02 23:09:56,1790,Motorcycle,45.8,60.0,Red Light Signal Violation,South Approach,redlight_viol_1790_1790962796.jpg
INC-0445,2026-10-02 23:09:57,1783,Car,40.5,60.0,Red Light Signal Violation,North Approach,redlight_viol_1783_1790962797.jpg
INC-0446,2026-10-02 23:09:59,1796,Motorcycle,39.3,60.0,Red Light Signal Violation,North Approach,redlight_viol_1796_1790962799.jpg
INC-0447,2026-10-02 23:10:01,1801,Motorcycle,41.1,60.0,Red Light Signal Violation,South Approach,redlight_viol_1801_1790962801.jpg
INC-0448,2026-10-02 23:10:04,1808,Motorcycle,38.1,60.0,Red Light Signal Violation,North Approach,redlight_viol_1808_1790962804.jpg
INC-0449,2026-10-02 23:10:06,1814,Motorcycle,35.1,60.0,Red Light Signal Violation,North Approach,redlight_viol_1814_1790962806.jpg
INC-0450,2026-10-02 23:10:06,1815,Motorcycle,44.0,60.0,Red Light Signal Violation,South Approach,redlight_viol_1815_1790962806.jpg
INC-0451,2026-10-02 23:10:06,1810,Car,35.3,60.0,Red Light Signal Violation,North Approach,redlight_viol_1810_1790962806.jpg
INC-0452,2026-10-02 23:10:07,1818,Motorcycle,38.3,60.0,Red Light Signal Violation,South Approach,redlight_viol_1818_1790962807.jpg
INC-0453,2026-10-02 23:10:08,1813,Car,37.3,60.0,Red Light Signal Violation,South Approach,redlight_viol_1813_1790962808.jpg
INC-0454,2026-10-02 23:10:08,1823,Car,40.5,60.0,Red Light Signal Violation,South Approach,redlight_viol_1823_1790962808.jpg
INC-0455,2026-10-02 23:10:10,1829,Motorcycle,39.6,60.0,Red Light Signal Violation,North Approach,redlight_viol_1829_1790962810.jpg
INC-0456,2026-10-02 23:10:13,1835,Motorcycle,37.3,60.0,Red Light Signal Violation,North Approach,redlight_viol_1835_1790962813.jpg
INC-0457,2026-10-02 23:10:15,1839,Motorcycle,35.6,60.0,Red Light Signal Violation,South Approach,redlight_viol_1839_1790962815.jpg
INC-0458,2026-10-02 23:10:15,1838,Motorcycle,68.0,60.0,Over-speeding (68.0 km/h > 60.0 km/h),South Approach,speed_viol_1838_1790962815.jpg
INC-0459,2026-10-02 23:10:16,1841,Motorcycle,36.3,60.0,Red Light Signal Violation,South Approach,redlight_viol_1841_1790962816.jpg
INC-0460,2026-10-02 23:10:21,1834,Motorcycle,46.0,60.0,Red Light Signal Violation,East Approach,redlight_viol_1834_1790962821.jpg
INC-0461,2026-10-02 23:10:21,1834,Motorcycle,65.6,60.0,Over-speeding (65.6 km/h > 60.0 km/h),East Approach,speed_viol_1834_1790962821.jpg
INC-0462,2026-10-02 23:10:22,1840,Motorcycle,36.6,60.0,Red Light Signal Violation,East Approach,redlight_viol_1840_1790962822.jpg
INC-0463,2026-10-02 23:10:24,1865,Car,38.3,60.0,Red Light Signal Violation,East Approach,redlight_viol_1865_1790962824.jpg
INC-0464,2026-10-02 23:10:25,1846,Motorcycle,39.3,60.0,Red Light Signal Violation,West Approach,redlight_viol_1846_1790962825.jpg
INC-0465,2026-10-02 23:10:30,1884,Motorcycle,36.7,60.0,Red Light Signal Violation,West Approach,redlight_viol_1884_1790962830.jpg
INC-0466,2026-10-02 23:10:34,1892,Car,36.0,60.0,Red Light Signal Violation,East Approach,redlight_viol_1892_1790962834.jpg
INC-0467,2026-10-02 23:10:35,1883,Motorcycle,38.5,60.0,Red Light Signal Violation,West Approach,redlight_viol_1883_1790962835.jpg
INC-0468,2026-10-02 23:10:35,1893,Motorcycle,61.6,60.0,Over-speeding (61.6 km/h > 60.0 km/h),West Approach,speed_viol_1893_1790962835.jpg
INC-0469,2026-10-02 23:10:37,1902,Motorcycle,36.3,60.0,Red Light Signal Violation,East Approach,redlight_viol_1902_1790962837.jpg
INC-0470,2026-10-02 23:10:38,1903,Motorcycle,46.0,60.0,Red Light Signal Violation,East Approach,redlight_viol_1903_1790962838.jpg
INC-0471,2026-10-02 23:10:39,1906,Motorcycle,38.5,60.0,Red Light Signal Violation,East Approach,redlight_viol_1906_1790962839.jpg
INC-0472,2026-10-02 23:10:44,1923,Motorcycle,37.8,60.0,Red Light Signal Violation,East Approach,redlight_viol_1923_1790962844.jpg
INC-0473,2026-10-02 23:10:46,1926,Motorcycle,61.0,60.0,Over-speeding (61.0 km/h > 60.0 km/h),South Approach,speed_viol_1926_1790962846.jpg
INC-0474,2026-10-02 23:10:46,1927,Motorcycle,38.1,60.0,Red Light Signal Violation,West Approach,redlight_viol_1927_1790962846.jpg
INC-0475,2026-10-02 23:10:47,1929,Motorcycle,45.5,60.0,Red Light Signal Violation,South Approach,redlight_viol_1929_1790962847.jpg
INC-0476,2026-10-02 23:10:49,1935,Motorcycle,36.1,60.0,Red Light Signal Violation,North Approach,redlight_viol_1935_1790962849.jpg
INC-0477,2026-10-02 23:10:49,1936,Motorcycle,45.9,60.0,Red Light Signal Violation,South Approach,redlight_viol_1936_1790962849.jpg
INC-0478,2026-10-02 23:10:50,1940,Motorcycle,46.0,60.0,Red Light Signal Violation,North Approach,redlight_viol_1940_1790962850.jpg
INC-0479,2026-10-02 23:10:51,1942,Motorcycle,38.4,60.0,Red Light Signal Violation,South Approach,redlight_viol_1942_1790962851.jpg
INC-0480,2026-10-02 23:10:52,1922,Motorcycle,61.6,60.0,Over-speeding (61.6 km/h > 60.0 km/h),East Approach,speed_viol_1922_1790962852.jpg
INC-0481,2026-10-02 23:10:52,1922,Motorcycle,35.8,60.0,Red Light Signal Violation,South Approach,redlight_viol_1922_1790962852.jpg
INC-0482,2026-10-02 23:10:53,1950,Motorcycle,44.6,60.0,Red Light Signal Violation,South Approach,redlight_viol_1950_1790962853.jpg
INC-0483,2026-10-02 23:10:54,1953,Motorcycle,45.7,60.0,Red Light Signal Violation,North Approach,redlight_viol_1953_1790962854.jpg
INC-0484,2026-10-02 23:10:55,1943,Car,40.7,60.0,Red Light Signal Violation,North Approach,redlight_viol_1943_1790962855.jpg
INC-0485,2026-10-02 23:10:55,1954,Car,36.8,60.0,Red Light Signal Violation,South Approach,redlight_viol_1954_1790962855.jpg
INC-0486,2026-10-02 23:10:57,1952,Motorcycle,55.4,60.0,Red Light Signal Violation,North Approach,redlight_viol_1952_1790962857.jpg
INC-0487,2026-10-02 23:10:58,1962,Motorcycle,39.6,60.0,Red Light Signal Violation,South Approach,redlight_viol_1962_1790962858.jpg
INC-0488,2026-10-02 23:10:58,1966,Motorcycle,41.8,60.0,Red Light Signal Violation,North Approach,redlight_viol_1966_1790962858.jpg
INC-0489,2026-10-02 23:10:59,1967,Motorcycle,39.6,60.0,Red Light Signal Violation,South Approach,redlight_viol_1967_1790962859.jpg
INC-0490,2026-10-02 23:11:00,1960,Car,41.6,60.0,Red Light Signal Violation,North Approach,redlight_viol_1960_1790962860.jpg
INC-0491,2026-10-02 23:11:00,1969,Motorcycle,61.0,60.0,Over-speeding (61.0 km/h > 60.0 km/h),East Approach,speed_viol_1969_1790962860.jpg
INC-0492,2026-10-02 23:11:01,1973,Motorcycle,41.5,60.0,Red Light Signal Violation,North Approach,redlight_viol_1973_1790962861.jpg
INC-0493,2026-10-02 23:11:03,1978,Motorcycle,44.4,60.0,Red Light Signal Violation,South Approach,redlight_viol_1978_1790962863.jpg
INC-0494,2026-10-02 23:11:06,1985,Motorcycle,38.6,60.0,Red Light Signal Violation,North Approach,redlight_viol_1985_1790962866.jpg
INC-0495,2026-10-02 23:11:08,1991,Motorcycle,40.0,60.0,Red Light Signal Violation,North Approach,redlight_viol_1991_1790962868.jpg
INC-0496,2026-10-02 23:11:08,1992,Motorcycle,45.9,60.0,Red Light Signal Violation,South Approach,redlight_viol_1992_1790962868.jpg
INC-0497,2026-10-02 23:11:08,1987,Car,40.7,60.0,Red Light Signal Violation,North Approach,redlight_viol_1987_1790962868.jpg
INC-0498,2026-10-02 23:11:09,1987,Car,60.4,60.0,Over-speeding (60.4 km/h > 60.0 km/h),North Approach,speed_viol_1987_1790962869.jpg
INC-0499,2026-10-02 23:11:09,1995,Motorcycle,36.9,60.0,Red Light Signal Violation,South Approach,redlight_viol_1995_1790962869.jpg
INC-0500,2026-10-02 23:11:10,1990,Car,45.1,60.0,Red Light Signal Violation,South Approach,redlight_viol_1990_1790962870.jpg
INC-0501,2026-10-02 23:11:10,2000,Car,39.6,60.0,Red Light Signal Violation,South Approach,redlight_viol_2000_1790962870.jpg
INC-0502,2026-10-02 23:11:12,2006,Motorcycle,44.8,60.0,Red Light Signal Violation,North Approach,redlight_viol_2006_1790962872.jpg
INC-0503,2026-10-02 23:11:15,2012,Motorcycle,38.9,60.0,Red Light Signal Violation,North Approach,redlight_viol_2012_1790962875.jpg
INC-0504,2026-10-02 23:11:17,2016,Motorcycle,38.5,60.0,Red Light Signal Violation,South Approach,redlight_viol_2016_1790962877.jpg
INC-0505,2026-10-02 23:11:17,2015,Motorcycle,61.4,60.0,Over-speeding (61.4 km/h > 60.0 km/h),South Approach,speed_viol_2015_1790962877.jpg
INC-0506,2026-10-02 23:11:18,2018,Motorcycle,38.3,60.0,Red Light Signal Violation,South Approach,redlight_viol_2018_1790962878.jpg
INC-0507,2026-10-02 23:11:20,2025,Motorcycle,41.8,60.0,Red Light Signal Violation,South Approach,redlight_viol_2025_1790962880.jpg
INC-0508,2026-10-02 23:11:20,2024,Motorcycle,38.9,60.0,Red Light Signal Violation,North Approach,redlight_viol_2024_1790962880.jpg
INC-0509,2026-10-02 23:11:21,2029,Motorcycle,42.8,60.0,Red Light Signal Violation,North Approach,redlight_viol_2029_1790962881.jpg
INC-0510,2026-10-02 23:11:23,2011,Motorcycle,66.5,60.0,Over-speeding (66.5 km/h > 60.0 km/h),East Approach,speed_viol_2011_1790962883.jpg
INC-0511,2026-10-02 23:11:24,2038,Motorcycle,43.9,60.0,Red Light Signal Violation,South Approach,redlight_viol_2038_1790962884.jpg
INC-0512,2026-10-02 23:11:25,2041,Motorcycle,38.7,60.0,Red Light Signal Violation,North Approach,redlight_viol_2041_1790962885.jpg
INC-0513,2026-10-02 23:11:26,2031,Car,42.9,60.0,Red Light Signal Violation,North Approach,redlight_viol_2031_1790962886.jpg
INC-0514,2026-10-02 23:11:26,2042,Car,39.0,60.0,Red Light Signal Violation,South Approach,redlight_viol_2042_1790962886.jpg
INC-0515,2026-10-02 23:11:26,2042,Car,60.8,60.0,Over-speeding (60.8 km/h > 60.0 km/h),North Approach,speed_viol_2042_1790962886.jpg
INC-0516,2026-10-02 23:11:28,2040,Motorcycle,55.4,60.0,Red Light Signal Violation,North Approach,redlight_viol_2040_1790962888.jpg
INC-0517,2026-10-02 23:11:28,2050,Motorcycle,35.3,60.0,Red Light Signal Violation,South Approach,redlight_viol_2050_1790962888.jpg
INC-0518,2026-10-02 23:11:29,2054,Motorcycle,35.9,60.0,Red Light Signal Violation,North Approach,redlight_viol_2054_1790962889.jpg
INC-0519,2026-10-02 23:11:30,2055,Motorcycle,36.7,60.0,Red Light Signal Violation,South Approach,redlight_viol_2055_1790962890.jpg
INC-0520,2026-10-02 23:11:31,2048,Car,37.0,60.0,Red Light Signal Violation,North Approach,redlight_viol_2048_1790962891.jpg
INC-0521,2026-10-02 23:11:34,2066,Motorcycle,37.3,60.0,Red Light Signal Violation,South Approach,redlight_viol_2066_1790962894.jpg
INC-0522,2026-10-02 23:11:38,2073,Motorcycle,42.0,60.0,Red Light Signal Violation,North Approach,redlight_viol_2073_1790962898.jpg
INC-0523,2026-10-02 23:11:38,2070,Motorcycle,60.5,60.0,Over-speeding (60.5 km/h > 60.0 km/h),West Approach,speed_viol_2070_1790962898.jpg
INC-0524,2026-10-02 23:11:40,2080,Motorcycle,42.9,60.0,Red Light Signal Violation,South Approach,redlight_viol_2080_1790962900.jpg
INC-0525,2026-10-02 23:11:40,2075,Car,40.1,60.0,Red Light Signal Violation,North Approach,redlight_viol_2075_1790962900.jpg
INC-0526,2026-10-02 23:11:41,2083,Motorcycle,41.4,60.0,Red Light Signal Violation,South Approach,redlight_viol_2083_1790962901.jpg
INC-0527,2026-10-02 23:11:42,2078,Car,41.6,60.0,Red Light Signal Violation,South Approach,redlight_viol_2078_1790962902.jpg
INC-0528,2026-10-02 23:11:42,2088,Car,44.9,60.0,Red Light Signal Violation,South Approach,redlight_viol_2088_1790962902.jpg
INC-0529,2026-10-02 23:11:43,2094,Motorcycle,45.6,60.0,Red Light Signal Violation,North Approach,redlight_viol_2094_1790962903.jpg
INC-0530,2026-10-02 23:11:46,2100,Motorcycle,42.0,60.0,Red Light Signal Violation,North Approach,redlight_viol_2100_1790962906.jpg
INC-0531,2026-10-02 23:11:48,2103,Motorcycle,62.9,60.0,Over-speeding (62.9 km/h > 60.0 km/h),South Approach,speed_viol_2103_1790962908.jpg
INC-0532,2026-10-02 23:11:48,2104,Motorcycle,37.0,60.0,Red Light Signal Violation,West Approach,redlight_viol_2104_1790962908.jpg
INC-0533,2026-10-02 23:11:53,2119,Motorcycle,36.7,60.0,Red Light Signal Violation,West Approach,redlight_viol_2119_1790962913.jpg
INC-0534,2026-10-02 23:11:54,2099,Motorcycle,46.6,60.0,Red Light Signal Violation,East Approach,redlight_viol_2099_1790962914.jpg
INC-0535,2026-10-02 23:11:54,2099,Motorcycle,67.1,60.0,Over-speeding (67.1 km/h > 60.0 km/h),East Approach,speed_viol_2099_1790962914.jpg
INC-0536,2026-10-02 23:11:56,2105,Motorcycle,38.5,60.0,Red Light Signal Violation,East Approach,redlight_viol_2105_1790962916.jpg
INC-0537,2026-10-02 23:11:58,2131,Car,35.7,60.0,Red Light Signal Violation,West Approach,redlight_viol_2131_1790962918.jpg
INC-0538,2026-10-02 23:11:58,2111,Motorcycle,36.8,60.0,Red Light Signal Violation,West Approach,redlight_viol_2111_1790962918.jpg
INC-0539,2026-10-02 23:12:04,2150,Motorcycle,37.3,60.0,Red Light Signal Violation,West Approach,redlight_viol_2150_1790962924.jpg
INC-0540,2026-10-02 23:12:08,2158,Car,37.4,60.0,Red Light Signal Violation,East Approach,redlight_viol_2158_1790962928.jpg
INC-0541,2026-10-02 23:12:09,2149,Motorcycle,38.0,60.0,Red Light Signal Violation,West Approach,redlight_viol_2149_1790962929.jpg
INC-0542,2026-10-02 23:12:09,2159,Motorcycle,60.9,60.0,Over-speeding (60.9 km/h > 60.0 km/h),West Approach,speed_viol_2159_1790962929.jpg
INC-0543,2026-10-02 23:12:12,2169,Motorcycle,46.4,60.0,Red Light Signal Violation,East Approach,redlight_viol_2169_1790962932.jpg
INC-0544,2026-10-02 23:12:13,2172,Motorcycle,44.6,60.0,Red Light Signal Violation,East Approach,redlight_viol_2172_1790962933.jpg
INC-0545,2026-10-02 23:12:13,2177,Car,36.7,60.0,Red Light Signal Violation,West Approach,redlight_viol_2177_1790962933.jpg
INC-0546,2026-10-02 23:12:18,2189,Motorcycle,43.9,60.0,Red Light Signal Violation,North Approach,redlight_viol_2189_1790962938.jpg
INC-0547,2026-10-02 23:12:20,2193,Motorcycle,40.7,60.0,Red Light Signal Violation,South Approach,redlight_viol_2193_1790962940.jpg
INC-0548,2026-10-02 23:12:20,2192,Motorcycle,62.7,60.0,Over-speeding (62.7 km/h > 60.0 km/h),South Approach,speed_viol_2192_1790962940.jpg
INC-0549,2026-10-02 23:12:21,2195,Motorcycle,43.2,60.0,Red Light Signal Violation,South Approach,redlight_viol_2195_1790962941.jpg
INC-0550,2026-10-02 23:12:22,2202,Motorcycle,45.7,60.0,Red Light Signal Violation,South Approach,redlight_viol_2202_1790962942.jpg
INC-0551,2026-10-02 23:12:23,2201,Motorcycle,38.1,60.0,Red Light Signal Violation,North Approach,redlight_viol_2201_1790962943.jpg
INC-0552,2026-10-02 23:12:24,2206,Motorcycle,40.3,60.0,Red Light Signal Violation,North Approach,redlight_viol_2206_1790962944.jpg
INC-0553,2026-10-02 23:12:26,2188,Motorcycle,67.6,60.0,Over-speeding (67.6 km/h > 60.0 km/h),East Approach,speed_viol_2188_1790962946.jpg
INC-0554,2026-10-02 23:12:26,2188,Motorcycle,35.6,60.0,Red Light Signal Violation,South Approach,redlight_viol_2188_1790962946.jpg
INC-0555,2026-10-02 23:12:27,2215,Motorcycle,42.6,60.0,Red Light Signal Violation,South Approach,redlight_viol_2215_1790962947.jpg
INC-0556,2026-10-02 23:12:27,2218,Motorcycle,35.6,60.0,Red Light Signal Violation,North Approach,redlight_viol_2218_1790962947.jpg
INC-0557,2026-10-02 23:12:29,2208,Car,43.3,60.0,Red Light Signal Violation,North Approach,redlight_viol_2208_1790962949.jpg
INC-0558,2026-10-02 23:12:29,2219,Car,44.0,60.0,Red Light Signal Violation,South Approach,redlight_viol_2219_1790962949.jpg
INC-0559,2026-10-02 23:12:29,2219,Car,62.1,60.0,Over-speeding (62.1 km/h > 60.0 km/h),North Approach,speed_viol_2219_1790962949.jpg
INC-0560,2026-10-02 23:12:30,2217,Motorcycle,54.3,60.0,Red Light Signal Violation,North Approach,redlight_viol_2217_1790962950.jpg
INC-0561,2026-10-02 23:12:31,2227,Motorcycle,43.5,60.0,Red Light Signal Violation,South Approach,redlight_viol_2227_1790962951.jpg
INC-0562,2026-10-02 23:12:32,2231,Motorcycle,44.6,60.0,Red Light Signal Violation,North Approach,redlight_viol_2231_1790962952.jpg
INC-0563,2026-10-02 23:12:32,2232,Motorcycle,43.5,60.0,Red Light Signal Violation,South Approach,redlight_viol_2232_1790962952.jpg
INC-0564,2026-10-02 23:12:33,2225,Car,40.2,60.0,Red Light Signal Violation,North Approach,redlight_viol_2225_1790962953.jpg
INC-0565,2026-10-02 23:12:37,2243,Motorcycle,40.1,60.0,Red Light Signal Violation,South Approach,redlight_viol_2243_1790962957.jpg
INC-0566,2026-10-02 23:12:40,2250,Motorcycle,40.6,60.0,Red Light Signal Violation,North Approach,redlight_viol_2250_1790962960.jpg
INC-0567,2026-10-02 23:12:42,2257,Motorcycle,36.9,60.0,Red Light Signal Violation,South Approach,redlight_viol_2257_1790962962.jpg
INC-0568,2026-10-02 23:12:43,2252,Car,39.6,60.0,Red Light Signal Violation,North Approach,redlight_viol_2252_1790962963.jpg
INC-0569,2026-10-02 23:12:44,2260,Motorcycle,42.4,60.0,Red Light Signal Violation,South Approach,redlight_viol_2260_1790962964.jpg
INC-0570,2026-10-02 23:12:44,2255,Car,43.1,60.0,Red Light Signal Violation,South Approach,redlight_viol_2255_1790962964.jpg
INC-0571,2026-10-02 23:12:45,2265,Car,35.2,60.0,Red Light Signal Violation,South Approach,redlight_viol_2265_1790962965.jpg
INC-0572,2026-10-02 23:12:46,2271,Motorcycle,40.9,60.0,Red Light Signal Violation,North Approach,redlight_viol_2271_1790962966.jpg
INC-0573,2026-10-02 23:12:49,2277,Motorcycle,39.6,60.0,Red Light Signal Violation,North Approach,redlight_viol_2277_1790962969.jpg
INC-0574,2026-10-02 23:12:51,2281,Motorcycle,42.8,60.0,Red Light Signal Violation,South Approach,redlight_viol_2281_1790962971.jpg
INC-0575,2026-10-02 23:12:52,2280,Motorcycle,62.7,60.0,Over-speeding (62.7 km/h > 60.0 km/h),South Approach,speed_viol_2280_1790962972.jpg
INC-0576,2026-10-02 23:12:52,2283,Motorcycle,40.0,60.0,Red Light Signal Violation,South Approach,redlight_viol_2283_1790962972.jpg
INC-0577,2026-10-02 23:12:54,2289,Motorcycle,37.8,60.0,Red Light Signal Violation,North Approach,redlight_viol_2289_1790962974.jpg
INC-0578,2026-10-02 23:12:54,2290,Motorcycle,42.9,60.0,Red Light Signal Violation,South Approach,redlight_viol_2290_1790962974.jpg
INC-0579,2026-10-02 23:12:56,2294,Motorcycle,43.2,60.0,Red Light Signal Violation,North Approach,redlight_viol_2294_1790962976.jpg
INC-0580,2026-10-02 23:12:57,2276,Motorcycle,67.8,60.0,Over-speeding (67.8 km/h > 60.0 km/h),East Approach,speed_viol_2276_1790962977.jpg
INC-0581,2026-10-02 23:12:58,2276,Motorcycle,35.8,60.0,Red Light Signal Violation,South Approach,redlight_viol_2276_1790962978.jpg
INC-0582,2026-10-02 23:12:59,2307,Motorcycle,45.6,60.0,Red Light Signal Violation,North Approach,redlight_viol_2307_1790962979.jpg
INC-0583,2026-10-02 23:13:00,2297,Car,40.0,60.0,Red Light Signal Violation,North Approach,redlight_viol_2297_1790962980.jpg
INC-0584,2026-10-02 23:13:00,2308,Car,37.9,60.0,Red Light Signal Violation,South Approach,redlight_viol_2308_1790962980.jpg
INC-0585,2026-10-02 23:13:02,2306,Motorcycle,55.4,60.0,Red Light Signal Violation,North Approach,redlight_viol_2306_1790962982.jpg
INC-0586,2026-10-02 23:13:03,2316,Motorcycle,44.2,60.0,Red Light Signal Violation,South Approach,redlight_viol_2316_1790962983.jpg
INC-0587,2026-10-02 23:13:03,2320,Motorcycle,35.9,60.0,Red Light Signal Violation,North Approach,redlight_viol_2320_1790962983.jpg
INC-0588,2026-10-02 23:13:04,2321,Motorcycle,44.2,60.0,Red Light Signal Violation,South Approach,redlight_viol_2321_1790962984.jpg
INC-0589,2026-10-02 23:13:05,2314,Car,40.6,60.0,Red Light Signal Violation,North Approach,redlight_viol_2314_1790962985.jpg
INC-0590,2026-10-02 23:13:07,2327,Motorcycle,43.1,60.0,Red Light Signal Violation,North Approach,redlight_viol_2327_1790962987.jpg
INC-0591,2026-10-02 23:13:09,2332,Motorcycle,38.8,60.0,Red Light Signal Violation,South Approach,redlight_viol_2332_1790962989.jpg
INC-0592,2026-10-02 23:13:11,2335,Car,36.1,60.0,Red Light Signal Violation,East Approach,redlight_viol_2335_1790962991.jpg
INC-0593,2026-10-02 23:13:12,2339,Motorcycle,38.6,60.0,Red Light Signal Violation,East Approach,redlight_viol_2339_1790962992.jpg
INC-0594,2026-10-02 23:13:12,2326,Motorcycle,37.5,60.0,Red Light Signal Violation,West Approach,redlight_viol_2326_1790962992.jpg
INC-0595,2026-10-02 23:13:14,2346,Motorcycle,44.5,60.0,Red Light Signal Violation,East Approach,redlight_viol_2346_1790962994.jpg
INC-0596,2026-10-02 23:13:16,2349,Motorcycle,40.8,60.0,Red Light Signal Violation,East Approach,redlight_viol_2349_1790962996.jpg
INC-0597,2026-10-02 23:13:18,2343,Car,35.7,60.0,Red Light Signal Violation,East Approach,redlight_viol_2343_1790962998.jpg
INC-0598,2026-10-02 23:13:20,2366,Motorcycle,35.4,60.0,Red Light Signal Violation,East Approach,redlight_viol_2366_1790963000.jpg
INC-0599,2026-10-02 23:13:22,2370,Motorcycle,38.6,60.0,Red Light Signal Violation,East Approach,redlight_viol_2370_1790963002.jpg
INC-0600,2026-10-02 23:13:22,2369,Motorcycle,61.9,60.0,Over-speeding (61.9 km/h > 60.0 km/h),South Approach,speed_viol_2369_1790963002.jpg
INC-0601,2026-10-02 23:13:28,2365,Motorcycle,45.8,60.0,Red Light Signal Violation,East Approach,redlight_viol_2365_1790963008.jpg
INC-0602,2026-10-02 23:13:28,2365,Motorcycle,66.8,60.0,Over-speeding (66.8 km/h > 60.0 km/h),East Approach,speed_viol_2365_1790963008.jpg
INC-0603,2026-10-02 23:13:30,2371,Motorcycle,36.7,60.0,Red Light Signal Violation,East Approach,redlight_viol_2371_1790963010.jpg
INC-0604,2026-10-02 23:13:32,2396,Car,37.7,60.0,Red Light Signal Violation,West Approach,redlight_viol_2396_1790963012.jpg
INC-0605,2026-10-02 23:13:32,2377,Motorcycle,39.5,60.0,Red Light Signal Violation,West Approach,redlight_viol_2377_1790963012.jpg
INC-0606,2026-10-02 23:13:38,2415,Motorcycle,36.4,60.0,Red Light Signal Violation,West Approach,redlight_viol_2415_1790963018.jpg
INC-0607,2026-10-02 23:13:42,2423,Car,38.8,60.0,Red Light Signal Violation,East Approach,redlight_viol_2423_1790963022.jpg
INC-0608,2026-10-02 23:13:43,2414,Motorcycle,37.9,60.0,Red Light Signal Violation,West Approach,redlight_viol_2414_1790963023.jpg
INC-0609,2026-10-02 23:13:43,2424,Motorcycle,60.8,60.0,Over-speeding (60.8 km/h > 60.0 km/h),West Approach,speed_viol_2424_1790963023.jpg
INC-0610,2026-10-02 23:13:44,2434,Motorcycle,35.8,60.0,Red Light Signal Violation,West Approach,redlight_viol_2434_1790963024.jpg
INC-0611,2026-10-02 23:13:45,2429,Car,60.1,60.0,Over-speeding (60.1 km/h > 60.0 km/h),North Approach,speed_viol_2429_1790963025.jpg
INC-0612,2026-10-02 23:13:45,2437,Motorcycle,36.3,60.0,Red Light Signal Violation,South Approach,redlight_viol_2437_1790963025.jpg
INC-0613,2026-10-02 23:13:46,2432,Car,43.8,60.0,Red Light Signal Violation,South Approach,redlight_viol_2432_1790963026.jpg
INC-0614,2026-10-02 23:13:48,2448,Motorcycle,36.1,60.0,Red Light Signal Violation,North Approach,redlight_viol_2448_1790963028.jpg
INC-0615,2026-10-02 23:13:51,2454,Motorcycle,41.8,60.0,Red Light Signal Violation,North Approach,redlight_viol_2454_1790963031.jpg
INC-0616,2026-10-02 23:13:53,2458,Motorcycle,40.6,60.0,Red Light Signal Violation,South Approach,redlight_viol_2458_1790963033.jpg
INC-0617,2026-10-02 23:13:53,2457,Motorcycle,64.1,60.0,Over-speeding (64.1 km/h > 60.0 km/h),South Approach,speed_viol_2457_1790963033.jpg
INC-0618,2026-10-02 23:13:54,2460,Motorcycle,36.2,60.0,Red Light Signal Violation,South Approach,redlight_viol_2460_1790963034.jpg
INC-0619,2026-10-02 23:13:56,2466,Motorcycle,35.5,60.0,Red Light Signal Violation,North Approach,redlight_viol_2466_1790963036.jpg
INC-0620,2026-10-02 23:13:56,2467,Motorcycle,36.9,60.0,Red Light Signal Violation,South Approach,redlight_viol_2467_1790963036.jpg
INC-0621,2026-10-02 23:13:57,2471,Motorcycle,37.2,60.0,Red Light Signal Violation,North Approach,redlight_viol_2471_1790963037.jpg
INC-0622,2026-10-02 23:13:58,2473,Motorcycle,43.8,60.0,Red Light Signal Violation,South Approach,redlight_viol_2473_1790963038.jpg
INC-0623,2026-10-02 23:13:59,2453,Motorcycle,63.9,60.0,Over-speeding (63.9 km/h > 60.0 km/h),East Approach,speed_viol_2453_1790963039.jpg
INC-0624,2026-10-02 23:14:00,2481,Motorcycle,38.8,60.0,Red Light Signal Violation,South Approach,redlight_viol_2481_1790963040.jpg
INC-0625,2026-10-02 23:14:01,2484,Motorcycle,36.1,60.0,Red Light Signal Violation,North Approach,redlight_viol_2484_1790963041.jpg
INC-0626,2026-10-02 23:14:02,2474,Car,44.2,60.0,Red Light Signal Violation,North Approach,redlight_viol_2474_1790963042.jpg
INC-0627,2026-10-02 23:14:02,2485,Car,41.9,60.0,Red Light Signal Violation,South Approach,redlight_viol_2485_1790963042.jpg
INC-0628,2026-10-02 23:14:04,2483,Motorcycle,57.7,60.0,Red Light Signal Violation,North Approach,redlight_viol_2483_1790963044.jpg
INC-0629,2026-10-02 23:14:04,2493,Motorcycle,36.1,60.0,Red Light Signal Violation,South Approach,redlight_viol_2493_1790963044.jpg
INC-0630,2026-10-02 23:14:05,2497,Motorcycle,36.6,60.0,Red Light Signal Violation,North Approach,redlight_viol_2497_1790963045.jpg
INC-0631,2026-10-02 23:14:06,2498,Motorcycle,44.8,60.0,Red Light Signal Violation,South Approach,redlight_viol_2498_1790963046.jpg
INC-0632,2026-10-02 23:14:07,2491,Car,37.7,60.0,Red Light Signal Violation,North Approach,redlight_viol_2491_1790963047.jpg
INC-0633,2026-10-02 23:14:08,2504,Motorcycle,44.5,60.0,Red Light Signal Violation,North Approach,redlight_viol_2504_1790963048.jpg
INC-0634,2026-10-02 23:14:10,2509,Motorcycle,36.7,60.0,Red Light Signal Violation,South Approach,redlight_viol_2509_1790963050.jpg
INC-0635,2026-10-02 23:14:13,2516,Motorcycle,41.2,60.0,Red Light Signal Violation,North Approach,redlight_viol_2516_1790963053.jpg
INC-0636,2026-10-02 23:14:15,2522,Motorcycle,40.7,60.0,Red Light Signal Violation,North Approach,redlight_viol_2522_1790963055.jpg
INC-0637,2026-10-02 23:14:15,2523,Motorcycle,40.9,60.0,Red Light Signal Violation,South Approach,redlight_viol_2523_1790963055.jpg
INC-0638,2026-10-02 23:14:16,2518,Car,38.9,60.0,Red Light Signal Violation,North Approach,redlight_viol_2518_1790963056.jpg
INC-0639,2026-10-02 23:14:17,2526,Motorcycle,45.4,60.0,Red Light Signal Violation,South Approach,redlight_viol_2526_1790963057.jpg
INC-0640,2026-10-02 23:14:17,2521,Car,43.3,60.0,Red Light Signal Violation,South Approach,redlight_viol_2521_1790963057.jpg
INC-0641,2026-10-02 23:14:18,2531,Car,45.2,60.0,Red Light Signal Violation,South Approach,redlight_viol_2531_1790963058.jpg
INC-0642,2026-10-02 23:14:19,2537,Motorcycle,42.6,60.0,Red Light Signal Violation,North Approach,redlight_viol_2537_1790963059.jpg
INC-0643,2026-10-02 23:14:22,2543,Motorcycle,45.3,60.0,Red Light Signal Violation,North Approach,redlight_viol_2543_1790963062.jpg
INC-0644,2026-10-02 23:14:25,2546,Motorcycle,62.4,60.0,Over-speeding (62.4 km/h > 60.0 km/h),South Approach,speed_viol_2546_1790963065.jpg
INC-0645,2026-10-02 23:14:25,2549,Motorcycle,43.9,60.0,Red Light Signal Violation,South Approach,redlight_viol_2549_1790963065.jpg
INC-0646,2026-10-02 23:14:27,2555,Motorcycle,36.9,60.0,Red Light Signal Violation,North Approach,redlight_viol_2555_1790963067.jpg
INC-0647,2026-10-02 23:14:27,2556,Motorcycle,39.0,60.0,Red Light Signal Violation,South Approach,redlight_viol_2556_1790963067.jpg
INC-0648,2026-10-02 23:14:29,2560,Motorcycle,35.9,60.0,Red Light Signal Violation,North Approach,redlight_viol_2560_1790963069.jpg
INC-0649,2026-10-02 23:14:30,2542,Motorcycle,68.0,60.0,Over-speeding (68.0 km/h > 60.0 km/h),East Approach,speed_viol_2542_1790963070.jpg
INC-0650,2026-10-02 23:14:32,2548,Motorcycle,37.7,60.0,Red Light Signal Violation,East Approach,redlight_viol_2548_1790963072.jpg
INC-0651,2026-10-02 23:14:34,2573,Car,40.7,60.0,Red Light Signal Violation,East Approach,redlight_viol_2573_1790963074.jpg
INC-0652,2026-10-02 23:14:34,2573,Car,60.2,60.0,Over-speeding (60.2 km/h > 60.0 km/h),North Approach,speed_viol_2573_1790963074.jpg
INC-0653,2026-10-02 23:14:34,2554,Motorcycle,37.6,60.0,Red Light Signal Violation,West Approach,redlight_viol_2554_1790963074.jpg
INC-0654,2026-10-02 23:14:40,2592,Motorcycle,40.2,60.0,Red Light Signal Violation,West Approach,redlight_viol_2592_1790963080.jpg
INC-0655,2026-10-02 23:14:44,2600,Car,36.2,60.0,Red Light Signal Violation,East Approach,redlight_viol_2600_1790963084.jpg
INC-0656,2026-10-02 23:14:45,2604,Motorcycle,38.3,60.0,Red Light Signal Violation,East Approach,redlight_viol_2604_1790963085.jpg
INC-0657,2026-10-02 23:14:45,2591,Motorcycle,36.6,60.0,Red Light Signal Violation,West Approach,redlight_viol_2591_1790963085.jpg
INC-0658,2026-10-02 23:14:47,2610,Motorcycle,38.1,60.0,Red Light Signal Violation,East Approach,redlight_viol_2610_1790963087.jpg
INC-0659,2026-10-02 23:14:48,2611,Motorcycle,44.0,60.0,Red Light Signal Violation,East Approach,redlight_viol_2611_1790963088.jpg
INC-0660,2026-10-02 23:14:49,2614,Motorcycle,39.5,60.0,Red Light Signal Violation,East Approach,redlight_viol_2614_1790963089.jpg
INC-0661,2026-10-02 23:14:54,2631,Motorcycle,37.8,60.0,Red Light Signal Violation,East Approach,redlight_viol_2631_1790963094.jpg
INC-0662,2026-10-02 23:14:56,2634,Motorcycle,61.2,60.0,Over-speeding (61.2 km/h > 60.0 km/h),South Approach,speed_viol_2634_1790963096.jpg
INC-0663,2026-10-02 23:14:57,2635,Motorcycle,35.2,60.0,Red Light Signal Violation,West Approach,redlight_viol_2635_1790963097.jpg
INC-0664,2026-10-02 23:14:57,2635,Motorcycle,63.9,60.0,Over-speeding (63.9 km/h > 60.0 km/h),West Approach,speed_viol_2635_1790963097.jpg
INC-0665,2026-10-02 23:15:00,2648,Motorcycle,39.1,60.0,Red Light Signal Violation,East Approach,redlight_viol_2648_1790963100.jpg
INC-0666,2026-10-02 23:15:00,2630,Motorcycle,37.9,60.0,Red Light Signal Violation,East Approach,redlight_viol_2630_1790963100.jpg
INC-0667,2026-10-02 23:15:01,2650,Motorcycle,38.1,60.0,Red Light Signal Violation,East Approach,redlight_viol_2650_1790963101.jpg
INC-0668,2026-10-02 23:15:01,2630,Motorcycle,68.0,60.0,Over-speeding (68.0 km/h > 60.0 km/h),East Approach,speed_viol_2630_1790963101.jpg
INC-0669,2026-10-02 23:15:02,2636,Motorcycle,40.0,60.0,Red Light Signal Violation,East Approach,redlight_viol_2636_1790963102.jpg
INC-0670,2026-10-02 23:15:04,2662,Car,40.6,60.0,Red Light Signal Violation,East Approach,redlight_viol_2662_1790963104.jpg
INC-0671,2026-10-02 23:15:04,2662,Car,68.0,60.0,Over-speeding (68.0 km/h > 60.0 km/h),North Approach,speed_viol_2662_1790963104.jpg
INC-0672,2026-10-02 23:15:05,2642,Motorcycle,39.7,60.0,Red Light Signal Violation,West Approach,redlight_viol_2642_1790963105.jpg
INC-0673,2026-10-02 23:15:05,2660,Motorcycle,64.6,60.0,Over-speeding (64.6 km/h > 60.0 km/h),North Approach,speed_viol_2660_1790963105.jpg
INC-0674,2026-10-02 23:15:07,2675,Motorcycle,43.3,60.0,Red Light Signal Violation,South Approach,redlight_viol_2675_1790963107.jpg
INC-0675,2026-10-02 23:15:08,2668,Car,41.1,60.0,Red Light Signal Violation,North Approach,redlight_viol_2668_1790963108.jpg
INC-0676,2026-10-02 23:15:09,2681,Motorcycle,46.0,60.0,Red Light Signal Violation,North Approach,redlight_viol_2681_1790963109.jpg
INC-0677,2026-10-02 23:15:11,2686,Motorcycle,35.9,60.0,Red Light Signal Violation,South Approach,redlight_viol_2686_1790963111.jpg
INC-0678,2026-10-02 23:15:14,2693,Motorcycle,45.7,60.0,Red Light Signal Violation,North Approach,redlight_viol_2693_1790963114.jpg
INC-0679,2026-10-02 23:15:16,2699,Motorcycle,37.9,60.0,Red Light Signal Violation,North Approach,redlight_viol_2699_1790963116.jpg
INC-0680,2026-10-02 23:15:16,2700,Motorcycle,43.3,60.0,Red Light Signal Violation,South Approach,redlight_viol_2700_1790963116.jpg
INC-0681,2026-10-02 23:15:17,2695,Car,40.7,60.0,Red Light Signal Violation,North Approach,redlight_viol_2695_1790963117.jpg
INC-0682,2026-10-02 23:15:17,2703,Motorcycle,39.4,60.0,Red Light Signal Violation,South Approach,redlight_viol_2703_1790963117.jpg
INC-0683,2026-10-02 23:15:18,2698,Car,42.8,60.0,Red Light Signal Violation,South Approach,redlight_viol_2698_1790963118.jpg
INC-0684,2026-10-02 23:15:19,2708,Car,45.0,60.0,Red Light Signal Violation,South Approach,redlight_viol_2708_1790963119.jpg
INC-0685,2026-10-02 23:15:23,2720,Motorcycle,35.7,60.0,Red Light Signal Violation,North Approach,redlight_viol_2720_1790963123.jpg
INC-0686,2026-10-02 23:15:25,2724,Motorcycle,41.8,60.0,Red Light Signal Violation,South Approach,redlight_viol_2724_1790963125.jpg
INC-0687,2026-10-02 23:15:25,2723,Motorcycle,66.8,60.0,Over-speeding (66.8 km/h > 60.0 km/h),South Approach,speed_viol_2723_1790963125.jpg
INC-0688,2026-10-02 23:15:26,2724,Motorcycle,60.5,60.0,Over-speeding (60.5 km/h > 60.0 km/h),West Approach,speed_viol_2724_1790963126.jpg
INC-0689,2026-10-02 23:15:27,2732,Motorcycle,40.2,60.0,Red Light Signal Violation,North Approach,redlight_viol_2732_1790963127.jpg
INC-0690,2026-10-02 23:15:27,2733,Motorcycle,44.7,60.0,Red Light Signal Violation,South Approach,redlight_viol_2733_1790963127.jpg
INC-0691,2026-10-02 23:15:29,2737,Motorcycle,36.4,60.0,Red Light Signal Violation,North Approach,redlight_viol_2737_1790963129.jpg
INC-0692,2026-10-02 23:15:30,2719,Motorcycle,68.0,60.0,Over-speeding (68.0 km/h > 60.0 km/h),East Approach,speed_viol_2719_1790963130.jpg
INC-0693,2026-10-02 23:15:32,2746,Motorcycle,45.2,60.0,Red Light Signal Violation,South Approach,redlight_viol_2746_1790963132.jpg
INC-0694,2026-10-02 23:15:32,2749,Motorcycle,36.5,60.0,Red Light Signal Violation,North Approach,redlight_viol_2749_1790963132.jpg
INC-0695,2026-10-02 23:15:34,2739,Car,39.0,60.0,Red Light Signal Violation,North Approach,redlight_viol_2739_1790963134.jpg
INC-0696,2026-10-02 23:15:34,2750,Car,40.1,60.0,Red Light Signal Violation,South Approach,redlight_viol_2750_1790963134.jpg
INC-0697,2026-10-02 23:15:35,2748,Motorcycle,57.7,60.0,Red Light Signal Violation,North Approach,redlight_viol_2748_1790963135.jpg
INC-0698,2026-10-02 23:15:36,2758,Motorcycle,38.0,60.0,Red Light Signal Violation,South Approach,redlight_viol_2758_1790963136.jpg
INC-0699,2026-10-02 23:15:37,2763,Motorcycle,35.5,60.0,Red Light Signal Violation,South Approach,redlight_viol_2763_1790963137.jpg
INC-0700,2026-10-02 23:15:38,2756,Car,35.7,60.0,Red Light Signal Violation,North Approach,redlight_viol_2756_1790963138.jpg
INC-0701,2026-10-02 23:15:40,2769,Motorcycle,41.0,60.0,Red Light Signal Violation,North Approach,redlight_viol_2769_1790963140.jpg
INC-0702,2026-10-02 23:15:41,2774,Motorcycle,42.6,60.0,Red Light Signal Violation,South Approach,redlight_viol_2774_1790963141.jpg
INC-0703,2026-10-02 23:15:46,2787,Motorcycle,38.9,60.0,Red Light Signal Violation,North Approach,redlight_viol_2787_1790963146.jpg
INC-0704,2026-10-02 23:15:46,2788,Motorcycle,45.2,60.0,Red Light Signal Violation,South Approach,redlight_viol_2788_1790963146.jpg
INC-0705,2026-10-02 23:15:47,2783,Car,39.0,60.0,Red Light Signal Violation,North Approach,redlight_viol_2783_1790963147.jpg
INC-0706,2026-10-02 23:15:48,2791,Motorcycle,36.1,60.0,Red Light Signal Violation,South Approach,redlight_viol_2791_1790963148.jpg
INC-0707,2026-10-02 23:15:48,2786,Car,41.8,60.0,Red Light Signal Violation,South Approach,redlight_viol_2786_1790963148.jpg
INC-0708,2026-10-02 23:15:49,2796,Car,37.3,60.0,Red Light Signal Violation,South Approach,redlight_viol_2796_1790963149.jpg
INC-0709,2026-10-02 23:15:50,2802,Motorcycle,38.3,60.0,Red Light Signal Violation,North Approach,redlight_viol_2802_1790963150.jpg
INC-0710,2026-10-02 23:15:55,2812,Motorcycle,37.7,60.0,Red Light Signal Violation,South Approach,redlight_viol_2812_1790963155.jpg
INC-0711,2026-10-02 23:15:56,2811,Motorcycle,63.2,60.0,Over-speeding (63.2 km/h > 60.0 km/h),South Approach,speed_viol_2811_1790963156.jpg
INC-0712,2026-10-02 23:15:58,2820,Motorcycle,38.8,60.0,Red Light Signal Violation,North Approach,redlight_viol_2820_1790963158.jpg
INC-0713,2026-10-02 23:15:58,2821,Motorcycle,43.9,60.0,Red Light Signal Violation,South Approach,redlight_viol_2821_1790963158.jpg
INC-0714,2026-10-02 23:16:00,2825,Motorcycle,40.2,60.0,Red Light Signal Violation,North Approach,redlight_viol_2825_1790963160.jpg
INC-0715,2026-10-02 23:16:01,2827,Motorcycle,37.8,60.0,Red Light Signal Violation,West Approach,redlight_viol_2827_1790963161.jpg
INC-0716,2026-10-02 23:16:01,2807,Motorcycle,46.2,60.0,Red Light Signal Violation,East Approach,redlight_viol_2807_1790963161.jpg
INC-0717,2026-10-02 23:16:01,2807,Motorcycle,65.7,60.0,Over-speeding (65.7 km/h > 60.0 km/h),East Approach,speed_viol_2807_1790963161.jpg
INC-0718,2026-10-02 23:16:03,2813,Motorcycle,36.7,60.0,Red Light Signal Violation,East Approach,redlight_viol_2813_1790963163.jpg
INC-0719,2026-10-02 23:16:05,2839,Car,36.8,60.0,Red Light Signal Violation,East Approach,redlight_viol_2839_1790963165.jpg
INC-0720,2026-10-02 23:16:06,2819,Motorcycle,36.8,60.0,Red Light Signal Violation,West Approach,redlight_viol_2819_1790963166.jpg
INC-0721,2026-10-02 23:16:11,2858,Motorcycle,39.2,60.0,Red Light Signal Violation,West Approach,redlight_viol_2858_1790963171.jpg
INC-0722,2026-10-02 23:16:15,2866,Car,36.8,60.0,Red Light Signal Violation,East Approach,redlight_viol_2866_1790963175.jpg
INC-0723,2026-10-02 23:16:16,2857,Motorcycle,36.1,60.0,Red Light Signal Violation,West Approach,redlight_viol_2857_1790963176.jpg
INC-0724,2026-10-02 23:16:18,2876,Motorcycle,36.6,60.0,Red Light Signal Violation,East Approach,redlight_viol_2876_1790963178.jpg
INC-0725,2026-10-02 23:16:19,2877,Motorcycle,44.3,60.0,Red Light Signal Violation,East Approach,redlight_viol_2877_1790963179.jpg
INC-0726,2026-10-02 23:16:20,2880,Motorcycle,39.4,60.0,Red Light Signal Violation,East Approach,redlight_viol_2880_1790963180.jpg
INC-0727,2026-10-02 23:16:21,2885,Car,36.9,60.0,Red Light Signal Violation,West Approach,redlight_viol_2885_1790963181.jpg
INC-0728,2026-10-02 23:16:25,2897,Motorcycle,39.2,60.0,Red Light Signal Violation,East Approach,redlight_viol_2897_1790963185.jpg
INC-0729,2026-10-02 23:16:27,2901,Motorcycle,38.8,60.0,Red Light Signal Violation,East Approach,redlight_viol_2901_1790963187.jpg
INC-0730,2026-10-02 23:16:27,2900,Motorcycle,60.6,60.0,Over-speeding (60.6 km/h > 60.0 km/h),South Approach,speed_viol_2900_1790963187.jpg
INC-0731,2026-10-02 23:16:33,2896,Motorcycle,42.7,60.0,Red Light Signal Violation,East Approach,redlight_viol_2896_1790963193.jpg
INC-0732,2026-10-02 23:16:33,2896,Motorcycle,63.7,60.0,Over-speeding (63.7 km/h > 60.0 km/h),East Approach,speed_viol_2896_1790963193.jpg
INC-0733,2026-10-02 23:16:34,2902,Motorcycle,35.8,60.0,Red Light Signal Violation,East Approach,redlight_viol_2902_1790963194.jpg
INC-0734,2026-10-02 23:16:36,2927,Car,39.6,60.0,Red Light Signal Violation,East Approach,redlight_viol_2927_1790963196.jpg
INC-0735,2026-10-02 23:16:36,2927,Car,62.0,60.0,Over-speeding (62.0 km/h > 60.0 km/h),North Approach,speed_viol_2927_1790963196.jpg
INC-0736,2026-10-02 23:16:38,2925,Motorcycle,55.7,60.0,Red Light Signal Violation,North Approach,redlight_viol_2925_1790963198.jpg
INC-0737,2026-10-02 23:16:38,2935,Motorcycle,35.4,60.0,Red Light Signal Violation,South Approach,redlight_viol_2935_1790963198.jpg
INC-0738,2026-10-02 23:16:39,2939,Motorcycle,43.3,60.0,Red Light Signal Violation,North Approach,redlight_viol_2939_1790963199.jpg
INC-0739,2026-10-02 23:16:40,2940,Motorcycle,43.3,60.0,Red Light Signal Violation,South Approach,redlight_viol_2940_1790963200.jpg
INC-0740,2026-10-02 23:16:41,2933,Car,37.6,60.0,Red Light Signal Violation,North Approach,redlight_viol_2933_1790963201.jpg
INC-0741,2026-10-02 23:16:42,2946,Motorcycle,35.2,60.0,Red Light Signal Violation,North Approach,redlight_viol_2946_1790963202.jpg
INC-0742,2026-10-02 23:16:48,2958,Motorcycle,35.8,60.0,Red Light Signal Violation,North Approach,redlight_viol_2958_1790963208.jpg
INC-0743,2026-10-02 23:16:50,2964,Motorcycle,37.3,60.0,Red Light Signal Violation,North Approach,redlight_viol_2964_1790963210.jpg
INC-0744,2026-10-02 23:16:50,2965,Motorcycle,42.3,60.0,Red Light Signal Violation,South Approach,redlight_viol_2965_1790963210.jpg
INC-0745,2026-10-02 23:16:50,2960,Car,39.5,60.0,Red Light Signal Violation,North Approach,redlight_viol_2960_1790963210.jpg
INC-0746,2026-10-02 23:16:51,2968,Motorcycle,44.3,60.0,Red Light Signal Violation,South Approach,redlight_viol_2968_1790963211.jpg
INC-0747,2026-10-02 23:16:52,2963,Car,40.6,60.0,Red Light Signal Violation,South Approach,redlight_viol_2963_1790963212.jpg
INC-0748,2026-10-02 23:16:52,2973,Car,43.6,60.0,Red Light Signal Violation,South Approach,redlight_viol_2973_1790963212.jpg
INC-0749,2026-10-02 23:16:54,2979,Motorcycle,42.6,60.0,Red Light Signal Violation,North Approach,redlight_viol_2979_1790963214.jpg
INC-0750,2026-10-02 23:16:56,2985,Motorcycle,45.4,60.0,Red Light Signal Violation,North Approach,redlight_viol_2985_1790963216.jpg
INC-0751,2026-10-02 23:16:58,2989,Motorcycle,40.1,60.0,Red Light Signal Violation,South Approach,redlight_viol_2989_1790963218.jpg
INC-0752,2026-10-02 23:16:58,2988,Motorcycle,62.1,60.0,Over-speeding (62.1 km/h > 60.0 km/h),South Approach,speed_viol_2988_1790963218.jpg
INC-0753,2026-10-02 23:17:01,2998,Motorcycle,42.6,60.0,Red Light Signal Violation,South Approach,redlight_viol_2998_1790963221.jpg
INC-0754,2026-10-02 23:17:01,2997,Motorcycle,36.7,60.0,Red Light Signal Violation,North Approach,redlight_viol_2997_1790963221.jpg
INC-0755,2026-10-02 23:17:03,3002,Motorcycle,43.5,60.0,Red Light Signal Violation,North Approach,redlight_viol_3002_1790963223.jpg
INC-0756,2026-10-02 23:17:04,3004,Motorcycle,36.4,60.0,Red Light Signal Violation,South Approach,redlight_viol_3004_1790963224.jpg
INC-0757,2026-10-02 23:17:04,2984,Motorcycle,68.0,60.0,Over-speeding (68.0 km/h > 60.0 km/h),East Approach,speed_viol_2984_1790963224.jpg
INC-0758,2026-10-02 23:17:04,2984,Motorcycle,38.5,60.0,Red Light Signal Violation,South Approach,redlight_viol_2984_1790963224.jpg
INC-0759,2026-10-02 23:17:05,3012,Motorcycle,44.7,60.0,Red Light Signal Violation,South Approach,redlight_viol_3012_1790963225.jpg
INC-0760,2026-10-02 23:17:06,3015,Motorcycle,37.8,60.0,Red Light Signal Violation,North Approach,redlight_viol_3015_1790963226.jpg
INC-0761,2026-10-02 23:17:07,3005,Car,40.7,60.0,Red Light Signal Violation,North Approach,redlight_viol_3005_1790963227.jpg
INC-0762,2026-10-02 23:17:07,3016,Car,39.3,60.0,Red Light Signal Violation,South Approach,redlight_viol_3016_1790963227.jpg
INC-0763,2026-10-02 23:17:07,3016,Car,60.7,60.0,Over-speeding (60.7 km/h > 60.0 km/h),North Approach,speed_viol_3016_1790963227.jpg
INC-0764,2026-10-02 23:17:09,3014,Motorcycle,56.2,60.0,Red Light Signal Violation,North Approach,redlight_viol_3014_1790963229.jpg
INC-0765,2026-10-02 23:17:09,3024,Motorcycle,40.2,60.0,Red Light Signal Violation,South Approach,redlight_viol_3024_1790963229.jpg
INC-0766,2026-10-02 23:17:10,3028,Motorcycle,36.5,60.0,Red Light Signal Violation,North Approach,redlight_viol_3028_1790963230.jpg
INC-0767,2026-10-02 23:17:11,3029,Motorcycle,38.4,60.0,Red Light Signal Violation,South Approach,redlight_viol_3029_1790963231.jpg
INC-0768,2026-10-02 23:17:12,3022,Car,39.2,60.0,Red Light Signal Violation,North Approach,redlight_viol_3022_1790963232.jpg
INC-0769,2026-10-02 23:17:13,3035,Motorcycle,40.2,60.0,Red Light Signal Violation,North Approach,redlight_viol_3035_1790963233.jpg
INC-0770,2026-10-02 23:17:18,3047,Motorcycle,43.6,60.0,Red Light Signal Violation,North Approach,redlight_viol_3047_1790963238.jpg
INC-0771,2026-10-02 23:17:20,3054,Motorcycle,36.1,60.0,Red Light Signal Violation,South Approach,redlight_viol_3054_1790963240.jpg
INC-0772,2026-10-02 23:17:21,3049,Car,38.6,60.0,Red Light Signal Violation,North Approach,redlight_viol_3049_1790963241.jpg
INC-0773,2026-10-02 23:17:22,3057,Motorcycle,38.9,60.0,Red Light Signal Violation,South Approach,redlight_viol_3057_1790963242.jpg
INC-0774,2026-10-02 23:17:22,3052,Car,42.3,60.0,Red Light Signal Violation,South Approach,redlight_viol_3052_1790963242.jpg
INC-0775,2026-10-02 23:17:23,3062,Car,37.2,60.0,Red Light Signal Violation,South Approach,redlight_viol_3062_1790963243.jpg
INC-0776,2026-10-02 23:17:23,3055,Motorcycle,35.1,60.0,Red Light Signal Violation,North Approach,redlight_viol_3055_1790963243.jpg
INC-0777,2026-10-02 23:17:24,3068,Motorcycle,35.9,60.0,Red Light Signal Violation,North Approach,redlight_viol_3068_1790963244.jpg
INC-0778,2026-10-02 23:17:27,3074,Motorcycle,42.0,60.0,Red Light Signal Violation,North Approach,redlight_viol_3074_1790963247.jpg
INC-0779,2026-10-02 23:17:29,3077,Motorcycle,60.4,60.0,Over-speeding (60.4 km/h > 60.0 km/h),South Approach,speed_viol_3077_1790963249.jpg
INC-0780,2026-10-02 23:17:30,3080,Motorcycle,40.5,60.0,Red Light Signal Violation,South Approach,redlight_viol_3080_1790963250.jpg
INC-0781,2026-10-02 23:17:32,3086,Motorcycle,37.3,60.0,Red Light Signal Violation,North Approach,redlight_viol_3086_1790963252.jpg
INC-0782,2026-10-02 23:17:33,3091,Motorcycle,44.9,60.0,Red Light Signal Violation,North Approach,redlight_viol_3091_1790963253.jpg
INC-0783,2026-10-02 23:17:35,3073,Motorcycle,63.4,60.0,Over-speeding (63.4 km/h > 60.0 km/h),East Approach,speed_viol_3073_1790963255.jpg
INC-0784,2026-10-02 23:17:37,3103,Motorcycle,38.9,60.0,Red Light Signal Violation,North Approach,redlight_viol_3103_1790963257.jpg
INC-0785,2026-10-02 23:17:38,3093,Car,41.7,60.0,Red Light Signal Violation,North Approach,redlight_viol_3093_1790963258.jpg
INC-0786,2026-10-02 23:17:38,3104,Car,40.8,60.0,Red Light Signal Violation,South Approach,redlight_viol_3104_1790963258.jpg
INC-0787,2026-10-02 23:17:39,3085,Motorcycle,37.5,60.0,Red Light Signal Violation,West Approach,redlight_viol_3085_1790963259.jpg
INC-0788,2026-10-02 23:17:45,3123,Motorcycle,42.9,60.0,Red Light Signal Violation,West Approach,redlight_viol_3123_1790963265.jpg
INC-0789,2026-10-02 23:17:49,3131,Car,35.9,60.0,Red Light Signal Violation,East Approach,redlight_viol_3131_1790963269.jpg
INC-0790,2026-10-02 23:17:50,3122,Motorcycle,36.2,60.0,Red Light Signal Violation,West Approach,redlight_viol_3122_1790963270.jpg
INC-0791,2026-10-02 23:17:52,3142,Motorcycle,35.7,60.0,Red Light Signal Violation,West Approach,redlight_viol_3142_1790963272.jpg
INC-0792,2026-10-02 23:17:54,3145,Motorcycle,39.4,60.0,Red Light Signal Violation,East Approach,redlight_viol_3145_1790963274.jpg
INC-0793,2026-10-02 23:17:54,3150,Car,38.9,60.0,Red Light Signal Violation,West Approach,redlight_viol_3150_1790963274.jpg
INC-0794,2026-10-02 23:17:57,3139,Car,37.5,60.0,Red Light Signal Violation,East Approach,redlight_viol_3139_1790963277.jpg
INC-0795,2026-10-02 23:18:01,3166,Motorcycle,37.8,60.0,Red Light Signal Violation,East Approach,redlight_viol_3166_1790963281.jpg
INC-0796,2026-10-02 23:18:01,3165,Motorcycle,62.2,60.0,Over-speeding (62.2 km/h > 60.0 km/h),South Approach,speed_viol_3165_1790963281.jpg
INC-0797,2026-10-02 23:18:06,3181,Motorcycle,38.2,60.0,Red Light Signal Violation,West Approach,redlight_viol_3181_1790963286.jpg
INC-0798,2026-10-02 23:18:06,3161,Motorcycle,48.6,60.0,Red Light Signal Violation,East Approach,redlight_viol_3161_1790963286.jpg
INC-0799,2026-10-02 23:18:06,3161,Motorcycle,68.0,60.0,Over-speeding (68.0 km/h > 60.0 km/h),East Approach,speed_viol_3161_1790963286.jpg
INC-0800,2026-10-02 23:18:08,3189,Motorcycle,46.0,60.0,Red Light Signal Violation,South Approach,redlight_viol_3189_1790963288.jpg
INC-0801,2026-10-02 23:18:08,3192,Motorcycle,42.7,60.0,Red Light Signal Violation,North Approach,redlight_viol_3192_1790963288.jpg
INC-0802,2026-10-02 23:18:09,3182,Car,35.3,60.0,Red Light Signal Violation,North Approach,redlight_viol_3182_1790963289.jpg
INC-0803,2026-10-02 23:18:10,3193,Car,39.5,60.0,Red Light Signal Violation,South Approach,redlight_viol_3193_1790963290.jpg
INC-0804,2026-10-02 23:18:10,3193,Car,60.9,60.0,Over-speeding (60.9 km/h > 60.0 km/h),North Approach,speed_viol_3193_1790963290.jpg
INC-0805,2026-10-02 23:18:11,3191,Motorcycle,55.1,60.0,Red Light Signal Violation,North Approach,redlight_viol_3191_1790963291.jpg
INC-0806,2026-10-02 23:18:12,3201,Motorcycle,43.7,60.0,Red Light Signal Violation,South Approach,redlight_viol_3201_1790963292.jpg
INC-0807,2026-10-02 23:18:12,3205,Motorcycle,39.7,60.0,Red Light Signal Violation,North Approach,redlight_viol_3205_1790963292.jpg
INC-0808,2026-10-02 23:18:13,3206,Motorcycle,39.1,60.0,Red Light Signal Violation,South Approach,redlight_viol_3206_1790963293.jpg
INC-0809,2026-10-02 23:18:14,3199,Car,37.8,60.0,Red Light Signal Violation,North Approach,redlight_viol_3199_1790963294.jpg
INC-0810,2026-10-02 23:18:18,3217,Motorcycle,39.6,60.0,Red Light Signal Violation,South Approach,redlight_viol_3217_1790963298.jpg
INC-0811,2026-10-02 23:18:21,3224,Motorcycle,39.7,60.0,Red Light Signal Violation,North Approach,redlight_viol_3224_1790963301.jpg
INC-0812,2026-10-02 23:18:23,3230,Motorcycle,35.6,60.0,Red Light Signal Violation,North Approach,redlight_viol_3230_1790963303.jpg
INC-0813,2026-10-02 23:18:23,3231,Motorcycle,39.1,60.0,Red Light Signal Violation,South Approach,redlight_viol_3231_1790963303.jpg
INC-0814,2026-10-02 23:18:23,3226,Car,37.4,60.0,Red Light Signal Violation,North Approach,redlight_viol_3226_1790963303.jpg
INC-0815,2026-10-02 23:18:24,3234,Motorcycle,41.7,60.0,Red Light Signal Violation,South Approach,redlight_viol_3234_1790963304.jpg
INC-0816,2026-10-02 23:18:25,3229,Car,43.8,60.0,Red Light Signal Violation,South Approach,redlight_viol_3229_1790963305.jpg
INC-0817,2026-10-02 23:18:25,3239,Car,35.9,60.0,Red Light Signal Violation,South Approach,redlight_viol_3239_1790963305.jpg
INC-0818,2026-10-02 23:18:27,3245,Motorcycle,41.4,60.0,Red Light Signal Violation,North Approach,redlight_viol_3245_1790963307.jpg
INC-0819,2026-10-02 23:18:30,3251,Motorcycle,39.7,60.0,Red Light Signal Violation,North Approach,redlight_viol_3251_1790963310.jpg
INC-0820,2026-10-02 23:18:32,3255,Motorcycle,44.5,60.0,Red Light Signal Violation,South Approach,redlight_viol_3255_1790963312.jpg
INC-0821,2026-10-02 23:18:32,3254,Motorcycle,61.9,60.0,Over-speeding (61.9 km/h > 60.0 km/h),South Approach,speed_viol_3254_1790963312.jpg
INC-0822,2026-10-02 23:18:34,3264,Motorcycle,42.0,60.0,Red Light Signal Violation,South Approach,redlight_viol_3264_1790963314.jpg
INC-0823,2026-10-02 23:18:34,3263,Motorcycle,38.1,60.0,Red Light Signal Violation,North Approach,redlight_viol_3263_1790963314.jpg
INC-0824,2026-10-02 23:18:37,3250,Motorcycle,67.4,60.0,Over-speeding (67.4 km/h > 60.0 km/h),East Approach,speed_viol_3250_1790963317.jpg
INC-0825,2026-10-02 23:18:38,3250,Motorcycle,35.2,60.0,Red Light Signal Violation,South Approach,redlight_viol_3250_1790963318.jpg
INC-0826,2026-10-02 23:18:39,3277,Motorcycle,45.5,60.0,Red Light Signal Violation,South Approach,redlight_viol_3277_1790963319.jpg
INC-0827,2026-10-02 23:18:41,3270,Car,42.6,60.0,Red Light Signal Violation,North Approach,redlight_viol_3270_1790963321.jpg
INC-0828,2026-10-02 23:18:42,3279,Motorcycle,57.3,60.0,Red Light Signal Violation,North Approach,redlight_viol_3279_1790963322.jpg
INC-0829,2026-10-02 23:18:43,3281,Car,58.5,60.0,Red Light Signal Violation,South Approach,redlight_viol_3281_1790963323.jpg
INC-0830,2026-10-02 23:18:44,3293,Motorcycle,37.3,60.0,Red Light Signal Violation,North Approach,redlight_viol_3293_1790963324.jpg
INC-0831,2026-10-02 23:18:44,3294,Motorcycle,42.3,60.0,Red Light Signal Violation,South Approach,redlight_viol_3294_1790963324.jpg
INC-0832,2026-10-02 23:18:45,3287,Car,37.2,60.0,Red Light Signal Violation,North Approach,redlight_viol_3287_1790963325.jpg
INC-0833,2026-10-02 23:18:49,3305,Motorcycle,44.0,60.0,Red Light Signal Violation,South Approach,redlight_viol_3305_1790963329.jpg
INC-0834,2026-10-02 23:18:52,3312,Motorcycle,42.7,60.0,Red Light Signal Violation,North Approach,redlight_viol_3312_1790963332.jpg
INC-0835,2026-10-02 23:18:54,3319,Motorcycle,35.6,60.0,Red Light Signal Violation,South Approach,redlight_viol_3319_1790963334.jpg
INC-0836,2026-10-02 23:18:54,3314,Car,38.4,60.0,Red Light Signal Violation,North Approach,redlight_viol_3314_1790963334.jpg
INC-0837,2026-10-02 23:18:55,3322,Motorcycle,48.8,60.0,Red Light Signal Violation,South Approach,redlight_viol_3322_1790963335.jpg
INC-0838,2026-10-02 23:18:56,3317,Car,41.5,60.0,Red Light Signal Violation,South Approach,redlight_viol_3317_1790963336.jpg
INC-0839,2026-10-02 23:18:56,3327,Car,39.6,60.0,Red Light Signal Violation,South Approach,redlight_viol_3327_1790963336.jpg
INC-0840,2026-10-02 23:18:58,3333,Motorcycle,38.7,60.0,Red Light Signal Violation,North Approach,redlight_viol_3333_1790963338.jpg
INC-0841,2026-10-02 23:19:01,3339,Motorcycle,38.6,60.0,Red Light Signal Violation,East Approach,redlight_viol_3339_1790963341.jpg
INC-0842,2026-10-02 23:19:03,3342,Motorcycle,62.7,60.0,Over-speeding (62.7 km/h > 60.0 km/h),South Approach,speed_viol_3342_1790963343.jpg
INC-0843,2026-10-02 23:19:03,3343,Motorcycle,35.1,60.0,Red Light Signal Violation,West Approach,redlight_viol_3343_1790963343.jpg
INC-0844,2026-10-02 23:19:07,3356,Motorcycle,36.2,60.0,Red Light Signal Violation,East Approach,redlight_viol_3356_1790963347.jpg
INC-0845,2026-10-02 23:19:08,3358,Motorcycle,38.4,60.0,Red Light Signal Violation,West Approach,redlight_viol_3358_1790963348.jpg
INC-0846,2026-10-02 23:19:09,3338,Motorcycle,49.5,60.0,Red Light Signal Violation,East Approach,redlight_viol_3338_1790963349.jpg
INC-0847,2026-10-02 23:19:09,3338,Motorcycle,68.0,60.0,Over-speeding (68.0 km/h > 60.0 km/h),East Approach,speed_viol_3338_1790963349.jpg
INC-0848,2026-10-02 23:19:10,3344,Motorcycle,36.3,60.0,Red Light Signal Violation,East Approach,redlight_viol_3344_1790963350.jpg
INC-0849,2026-10-02 23:19:12,3370,Car,61.2,60.0,Over-speeding (61.2 km/h > 60.0 km/h),North Approach,speed_viol_3370_1790963352.jpg
INC-0850,2026-10-02 23:19:13,3370,Car,37.9,60.0,Red Light Signal Violation,West Approach,redlight_viol_3370_1790963353.jpg
INC-0851,2026-10-02 23:19:13,3350,Motorcycle,37.5,60.0,Red Light Signal Violation,West Approach,redlight_viol_3350_1790963353.jpg
INC-0852,2026-10-02 23:19:18,3389,Motorcycle,39.5,60.0,Red Light Signal Violation,West Approach,redlight_viol_3389_1790963358.jpg
INC-0853,2026-10-02 23:19:22,3397,Car,38.1,60.0,Red Light Signal Violation,East Approach,redlight_viol_3397_1790963362.jpg
INC-0854,2026-10-02 23:19:23,3401,Motorcycle,39.7,60.0,Red Light Signal Violation,East Approach,redlight_viol_3401_1790963363.jpg
INC-0855,2026-10-02 23:19:23,3388,Motorcycle,36.5,60.0,Red Light Signal Violation,West Approach,redlight_viol_3388_1790963363.jpg
INC-0856,2026-10-02 23:19:25,3407,Motorcycle,35.5,60.0,Red Light Signal Violation,East Approach,redlight_viol_3407_1790963365.jpg
INC-0857,2026-10-02 23:19:26,3408,Motorcycle,47.5,60.0,Red Light Signal Violation,East Approach,redlight_viol_3408_1790963366.jpg
INC-0858,2026-10-02 23:19:28,3411,Motorcycle,38.0,60.0,Red Light Signal Violation,East Approach,redlight_viol_3411_1790963368.jpg
INC-0859,2026-10-02 23:19:28,3416,Car,35.7,60.0,Red Light Signal Violation,West Approach,redlight_viol_3416_1790963368.jpg
INC-0860,2026-10-02 23:19:29,3422,Motorcycle,36.6,60.0,Red Light Signal Violation,North Approach,redlight_viol_3422_1790963369.jpg
INC-0861,2026-10-02 23:19:32,3428,Motorcycle,38.0,60.0,Red Light Signal Violation,North Approach,redlight_viol_3428_1790963372.jpg
INC-0862,2026-10-02 23:19:34,3432,Motorcycle,42.5,60.0,Red Light Signal Violation,South Approach,redlight_viol_3432_1790963374.jpg
INC-0863,2026-10-02 23:19:34,3431,Motorcycle,60.8,60.0,Over-speeding (60.8 km/h > 60.0 km/h),South Approach,speed_viol_3431_1790963374.jpg
INC-0864,2026-10-02 23:19:35,3434,Motorcycle,40.4,60.0,Red Light Signal Violation,South Approach,redlight_viol_3434_1790963375.jpg
INC-0865,2026-10-02 23:19:37,3440,Motorcycle,42.0,60.0,Red Light Signal Violation,North Approach,redlight_viol_3440_1790963377.jpg
INC-0866,2026-10-02 23:19:37,3441,Motorcycle,44.6,60.0,Red Light Signal Violation,South Approach,redlight_viol_3441_1790963377.jpg
INC-0867,2026-10-02 23:19:38,3445,Motorcycle,45.4,60.0,Red Light Signal Violation,North Approach,redlight_viol_3445_1790963378.jpg
INC-0868,2026-10-02 23:19:40,3427,Motorcycle,68.0,60.0,Over-speeding (68.0 km/h > 60.0 km/h),East Approach,speed_viol_3427_1790963380.jpg
INC-0869,2026-10-02 23:19:40,3427,Motorcycle,35.7,60.0,Red Light Signal Violation,South Approach,redlight_viol_3427_1790963380.jpg
INC-0870,2026-10-02 23:19:41,3454,Motorcycle,37.5,60.0,Red Light Signal Violation,South Approach,redlight_viol_3454_1790963381.jpg
INC-0871,2026-10-02 23:19:42,3457,Motorcycle,41.5,60.0,Red Light Signal Violation,North Approach,redlight_viol_3457_1790963382.jpg
INC-0872,2026-10-02 23:19:43,3447,Car,35.4,60.0,Red Light Signal Violation,North Approach,redlight_viol_3447_1790963383.jpg
INC-0873,2026-10-02 23:19:43,3458,Car,42.9,60.0,Red Light Signal Violation,South Approach,redlight_viol_3458_1790963383.jpg
INC-0874,2026-10-02 23:19:43,3458,Car,61.5,60.0,Over-speeding (61.5 km/h > 60.0 km/h),North Approach,speed_viol_3458_1790963383.jpg
INC-0875,2026-10-02 23:19:45,3456,Motorcycle,59.4,60.0,Red Light Signal Violation,North Approach,redlight_viol_3456_1790963385.jpg
INC-0876,2026-10-02 23:19:45,3466,Motorcycle,46.0,60.0,Red Light Signal Violation,South Approach,redlight_viol_3466_1790963385.jpg
INC-0877,2026-10-02 23:19:46,3470,Motorcycle,35.9,60.0,Red Light Signal Violation,North Approach,redlight_viol_3470_1790963386.jpg
INC-0878,2026-10-02 23:19:47,3471,Motorcycle,35.7,60.0,Red Light Signal Violation,South Approach,redlight_viol_3471_1790963387.jpg
INC-0879,2026-10-02 23:19:48,3464,Car,39.8,60.0,Red Light Signal Violation,North Approach,redlight_viol_3464_1790963388.jpg
INC-0880,2026-10-02 23:19:49,3477,Motorcycle,39.6,60.0,Red Light Signal Violation,North Approach,redlight_viol_3477_1790963389.jpg
INC-0881,2026-10-02 23:19:51,3482,Motorcycle,38.8,60.0,Red Light Signal Violation,South Approach,redlight_viol_3482_1790963391.jpg
INC-0882,2026-10-02 23:19:54,3489,Motorcycle,39.0,60.0,Red Light Signal Violation,North Approach,redlight_viol_3489_1790963394.jpg
INC-0883,2026-10-02 23:19:55,3486,Motorcycle,60.5,60.0,Over-speeding (60.5 km/h > 60.0 km/h),West Approach,speed_viol_3486_1790963395.jpg
INC-0884,2026-10-02 23:19:56,3495,Motorcycle,36.1,60.0,Red Light Signal Violation,North Approach,redlight_viol_3495_1790963396.jpg
INC-0885,2026-10-02 23:19:56,3496,Motorcycle,37.8,60.0,Red Light Signal Violation,South Approach,redlight_viol_3496_1790963396.jpg
INC-0886,2026-10-02 23:19:56,3491,Car,41.0,60.0,Red Light Signal Violation,North Approach,redlight_viol_3491_1790963396.jpg
INC-0887,2026-10-02 23:19:57,3499,Motorcycle,37.7,60.0,Red Light Signal Violation,South Approach,redlight_viol_3499_1790963397.jpg
INC-0888,2026-10-02 23:19:58,3494,Car,42.1,60.0,Red Light Signal Violation,South Approach,redlight_viol_3494_1790963398.jpg
INC-0889,2026-10-02 23:19:59,3504,Car,35.7,60.0,Red Light Signal Violation,South Approach,redlight_viol_3504_1790963399.jpg
INC-0890,2026-10-02 23:20:00,3510,Motorcycle,45.3,60.0,Red Light Signal Violation,North Approach,redlight_viol_3510_1790963400.jpg
INC-0891,2026-10-02 23:20:03,3516,Motorcycle,37.9,60.0,Red Light Signal Violation,North Approach,redlight_viol_3516_1790963403.jpg
INC-0892,2026-10-02 23:20:05,3520,Motorcycle,39.6,60.0,Red Light Signal Violation,South Approach,redlight_viol_3520_1790963405.jpg
INC-0893,2026-10-02 23:20:05,3519,Motorcycle,61.1,60.0,Over-speeding (61.1 km/h > 60.0 km/h),South Approach,speed_viol_3519_1790963405.jpg
INC-0894,2026-10-02 23:20:06,3522,Motorcycle,37.8,60.0,Red Light Signal Violation,South Approach,redlight_viol_3522_1790963406.jpg
INC-0895,2026-10-02 23:20:08,3528,Motorcycle,39.3,60.0,Red Light Signal Violation,North Approach,redlight_viol_3528_1790963408.jpg
INC-0896,2026-10-02 23:20:08,3529,Motorcycle,42.9,60.0,Red Light Signal Violation,South Approach,redlight_viol_3529_1790963408.jpg
INC-0897,2026-10-02 23:20:10,3535,Motorcycle,38.5,60.0,Red Light Signal Violation,South Approach,redlight_viol_3535_1790963410.jpg
INC-0898,2026-10-02 23:20:11,3515,Motorcycle,68.0,60.0,Over-speeding (68.0 km/h > 60.0 km/h),East Approach,speed_viol_3515_1790963411.jpg
INC-0899,2026-10-02 23:20:11,3515,Motorcycle,37.6,60.0,Red Light Signal Violation,South Approach,redlight_viol_3515_1790963411.jpg
INC-0900,2026-10-02 23:20:12,3543,Motorcycle,45.0,60.0,Red Light Signal Violation,South Approach,redlight_viol_3543_1790963412.jpg
INC-0901,2026-10-02 23:20:12,3546,Motorcycle,44.9,60.0,Red Light Signal Violation,North Approach,redlight_viol_3546_1790963412.jpg
INC-0902,2026-10-02 23:20:13,3536,Car,38.0,60.0,Red Light Signal Violation,North Approach,redlight_viol_3536_1790963413.jpg
INC-0903,2026-10-02 23:20:14,3547,Car,61.2,60.0,Over-speeding (61.2 km/h > 60.0 km/h),North Approach,speed_viol_3547_1790963414.jpg
INC-0904,2026-10-02 23:20:15,3547,Car,35.1,60.0,Red Light Signal Violation,South Approach,redlight_viol_3547_1790963415.jpg
INC-0905,2026-10-02 23:20:15,3545,Motorcycle,61.4,60.0,Over-speeding (61.4 km/h > 60.0 km/h),North Approach,speed_viol_3545_1790963415.jpg
INC-0906,2026-10-02 23:20:15,3545,Motorcycle,61.4,60.0,Red Light Signal Violation,North Approach,redlight_viol_3545_1790963415.jpg
INC-0907,2026-10-02 23:20:16,3555,Motorcycle,41.1,60.0,Red Light Signal Violation,South Approach,redlight_viol_3555_1790963416.jpg
INC-0908,2026-10-02 23:20:16,3559,Motorcycle,37.8,60.0,Red Light Signal Violation,North Approach,redlight_viol_3559_1790963416.jpg
INC-0909,2026-10-02 23:20:17,3560,Motorcycle,41.0,60.0,Red Light Signal Violation,South Approach,redlight_viol_3560_1790963417.jpg
INC-0910,2026-10-02 23:20:18,3553,Car,42.9,60.0,Red Light Signal Violation,North Approach,redlight_viol_3553_1790963418.jpg
INC-0911,2026-10-02 23:20:19,3566,Motorcycle,38.5,60.0,Red Light Signal Violation,North Approach,redlight_viol_3566_1790963419.jpg
INC-0912,2026-10-02 23:20:23,3574,Car,38.2,60.0,Red Light Signal Violation,East Approach,redlight_viol_3574_1790963423.jpg
INC-0913,2026-10-02 23:20:24,3578,Motorcycle,36.5,60.0,Red Light Signal Violation,East Approach,redlight_viol_3578_1790963424.jpg
INC-0914,2026-10-02 23:20:24,3565,Motorcycle,39.6,60.0,Red Light Signal Violation,West Approach,redlight_viol_3565_1790963424.jpg
INC-0915,2026-10-02 23:20:24,3575,Motorcycle,64.4,60.0,Over-speeding (64.4 km/h > 60.0 km/h),West Approach,speed_viol_3575_1790963424.jpg
INC-0916,2026-10-02 23:20:26,3584,Motorcycle,37.9,60.0,Red Light Signal Violation,East Approach,redlight_viol_3584_1790963426.jpg
INC-0917,2026-10-02 23:20:26,3580,Car,63.7,60.0,Over-speeding (63.7 km/h > 60.0 km/h),North Approach,speed_viol_3580_1790963426.jpg
INC-0918,2026-10-02 23:20:27,3585,Motorcycle,49.3,60.0,Red Light Signal Violation,East Approach,redlight_viol_3585_1790963427.jpg
INC-0919,2026-10-02 23:20:28,3588,Motorcycle,45.1,60.0,Red Light Signal Violation,East Approach,redlight_viol_3588_1790963428.jpg
INC-0920,2026-10-02 23:20:28,3593,Car,38.9,60.0,Red Light Signal Violation,West Approach,redlight_viol_3593_1790963428.jpg
INC-0921,2026-10-02 23:20:30,3582,Car,38.6,60.0,Red Light Signal Violation,East Approach,redlight_viol_3582_1790963430.jpg
INC-0922,2026-10-02 23:20:32,3605,Motorcycle,35.9,60.0,Red Light Signal Violation,East Approach,redlight_viol_3605_1790963432.jpg
INC-0923,2026-10-02 23:20:34,3608,Motorcycle,62.1,60.0,Over-speeding (62.1 km/h > 60.0 km/h),South Approach,speed_viol_3608_1790963434.jpg
INC-0924,2026-10-02 23:20:34,3609,Motorcycle,35.8,60.0,Red Light Signal Violation,West Approach,redlight_viol_3609_1790963434.jpg
INC-0925,2026-10-02 23:20:38,3622,Motorcycle,36.0,60.0,Red Light Signal Violation,East Approach,redlight_viol_3622_1790963438.jpg
INC-0926,2026-10-02 23:20:39,3607,Motorcycle,35.6,60.0,Red Light Signal Violation,West Approach,redlight_viol_3607_1790963439.jpg
INC-0927,2026-10-02 23:20:39,3604,Motorcycle,53.0,60.0,Red Light Signal Violation,East Approach,redlight_viol_3604_1790963439.jpg
INC-0928,2026-10-02 23:20:39,3604,Motorcycle,68.0,60.0,Over-speeding (68.0 km/h > 60.0 km/h),East Approach,speed_viol_3604_1790963439.jpg
INC-0929,2026-10-02 23:20:41,3610,Motorcycle,38.1,60.0,Red Light Signal Violation,East Approach,redlight_viol_3610_1790963441.jpg
INC-0930,2026-10-02 23:20:42,3635,Car,39.4,60.0,Red Light Signal Violation,East Approach,redlight_viol_3635_1790963442.jpg
INC-0931,2026-10-02 23:20:42,3635,Car,66.7,60.0,Over-speeding (66.7 km/h > 60.0 km/h),North Approach,speed_viol_3635_1790963442.jpg
INC-0932,2026-10-02 23:20:43,3616,Motorcycle,41.0,60.0,Red Light Signal Violation,West Approach,redlight_viol_3616_1790963443.jpg
INC-0933,2026-10-02 23:20:46,3650,Motorcycle,62.3,60.0,Over-speeding (62.3 km/h > 60.0 km/h),East Approach,speed_viol_3650_1790963446.jpg
INC-0934,2026-10-02 23:20:48,3654,Motorcycle,38.3,60.0,Red Light Signal Violation,West Approach,redlight_viol_3654_1790963448.jpg
INC-0935,2026-10-02 23:20:51,3662,Car,39.8,60.0,Red Light Signal Violation,East Approach,redlight_viol_3662_1790963451.jpg
INC-0936,2026-10-02 23:20:52,3666,Motorcycle,40.1,60.0,Red Light Signal Violation,East Approach,redlight_viol_3666_1790963452.jpg
INC-0937,2026-10-02 23:20:52,3653,Motorcycle,36.6,60.0,Red Light Signal Violation,West Approach,redlight_viol_3653_1790963452.jpg
INC-0938,2026-10-02 23:20:55,3673,Motorcycle,47.5,60.0,Red Light Signal Violation,East Approach,redlight_viol_3673_1790963455.jpg
INC-0939,2026-10-02 23:20:56,3676,Motorcycle,45.8,60.0,Red Light Signal Violation,East Approach,redlight_viol_3676_1790963456.jpg
INC-0940,2026-10-02 23:20:59,3670,Car,39.3,60.0,Red Light Signal Violation,East Approach,redlight_viol_3670_1790963459.jpg
INC-0941,2026-10-02 23:21:02,3697,Motorcycle,38.7,60.0,Red Light Signal Violation,South Approach,redlight_viol_3697_1790963462.jpg
INC-0942,2026-10-02 23:21:02,3696,Motorcycle,60.5,60.0,Over-speeding (60.5 km/h > 60.0 km/h),South Approach,speed_viol_3696_1790963462.jpg
INC-0943,2026-10-02 23:21:03,3699,Motorcycle,41.6,60.0,Red Light Signal Violation,South Approach,redlight_viol_3699_1790963463.jpg
INC-0944,2026-10-02 23:21:04,3697,Motorcycle,60.3,60.0,Over-speeding (60.3 km/h > 60.0 km/h),West Approach,speed_viol_3697_1790963464.jpg
INC-0945,2026-10-02 23:21:05,3705,Motorcycle,40.4,60.0,Red Light Signal Violation,North Approach,redlight_viol_3705_1790963465.jpg
INC-0946,2026-10-02 23:21:05,3706,Motorcycle,45.2,60.0,Red Light Signal Violation,South Approach,redlight_viol_3706_1790963465.jpg
INC-0947,2026-10-02 23:21:06,3710,Motorcycle,42.2,60.0,Red Light Signal Violation,North Approach,redlight_viol_3710_1790963466.jpg
INC-0948,2026-10-02 23:21:07,3712,Motorcycle,38.9,60.0,Red Light Signal Violation,South Approach,redlight_viol_3712_1790963467.jpg
INC-0949,2026-10-02 23:21:08,3692,Motorcycle,68.0,60.0,Over-speeding (68.0 km/h > 60.0 km/h),East Approach,speed_viol_3692_1790963468.jpg
INC-0950,2026-10-02 23:21:08,3692,Motorcycle,37.1,60.0,Red Light Signal Violation,South Approach,redlight_viol_3692_1790963468.jpg
INC-0951,2026-10-02 23:21:09,3720,Motorcycle,42.2,60.0,Red Light Signal Violation,South Approach,redlight_viol_3720_1790963469.jpg
INC-0952,2026-10-02 23:21:09,3723,Motorcycle,39.9,60.0,Red Light Signal Violation,North Approach,redlight_viol_3723_1790963469.jpg
INC-0953,2026-10-02 23:21:10,3713,Car,35.1,60.0,Red Light Signal Violation,North Approach,redlight_viol_3713_1790963470.jpg
INC-0954,2026-10-02 23:21:11,3724,Car,63.2,60.0,Over-speeding (63.2 km/h > 60.0 km/h),North Approach,speed_viol_3724_1790963471.jpg
INC-0955,2026-10-02 23:21:12,3722,Motorcycle,60.6,60.0,Over-speeding (60.6 km/h > 60.0 km/h),North Approach,speed_viol_3722_1790963472.jpg
INC-0956,2026-10-02 23:21:12,3722,Motorcycle,60.6,60.0,Red Light Signal Violation,North Approach,redlight_viol_3722_1790963472.jpg
INC-0957,2026-10-02 23:21:13,3724,Car,66.0,60.0,Red Light Signal Violation,South Approach,redlight_viol_3724_1790963473.jpg
INC-0958,2026-10-02 23:21:13,3732,Motorcycle,42.6,60.0,Red Light Signal Violation,South Approach,redlight_viol_3732_1790963473.jpg
INC-0959,2026-10-02 23:21:13,3736,Motorcycle,38.2,60.0,Red Light Signal Violation,North Approach,redlight_viol_3736_1790963473.jpg
INC-0960,2026-10-02 23:21:14,3737,Motorcycle,43.6,60.0,Red Light Signal Violation,South Approach,redlight_viol_3737_1790963474.jpg
INC-0961,2026-10-02 23:21:15,3730,Car,43.4,60.0,Red Light Signal Violation,North Approach,redlight_viol_3730_1790963475.jpg
INC-0962,2026-10-02 23:21:16,3743,Motorcycle,41.2,60.0,Red Light Signal Violation,North Approach,redlight_viol_3743_1790963476.jpg
INC-0963,2026-10-02 23:21:18,3748,Motorcycle,43.6,60.0,Red Light Signal Violation,South Approach,redlight_viol_3748_1790963478.jpg
INC-0964,2026-10-02 23:21:21,3755,Motorcycle,45.5,60.0,Red Light Signal Violation,North Approach,redlight_viol_3755_1790963481.jpg
INC-0965,2026-10-02 23:21:21,3752,Motorcycle,61.6,60.0,Over-speeding (61.6 km/h > 60.0 km/h),West Approach,speed_viol_3752_1790963481.jpg
INC-0966,2026-10-02 23:21:23,3761,Motorcycle,35.9,60.0,Red Light Signal Violation,North Approach,redlight_viol_3761_1790963483.jpg
INC-0967,2026-10-02 23:21:23,3762,Motorcycle,35.8,60.0,Red Light Signal Violation,South Approach,redlight_viol_3762_1790963483.jpg
INC-0968,2026-10-02 23:21:23,3757,Car,42.5,60.0,Red Light Signal Violation,North Approach,redlight_viol_3757_1790963483.jpg
INC-0969,2026-10-02 23:21:23,3757,Car,62.2,60.0,Over-speeding (62.2 km/h > 60.0 km/h),North Approach,speed_viol_3757_1790963483.jpg
INC-0970,2026-10-02 23:21:24,3765,Motorcycle,38.1,60.0,Red Light Signal Violation,South Approach,redlight_viol_3765_1790963484.jpg
INC-0971,2026-10-02 23:21:25,3760,Car,45.5,60.0,Red Light Signal Violation,South Approach,redlight_viol_3760_1790963485.jpg
INC-0972,2026-10-02 23:21:25,3770,Car,41.1,60.0,Red Light Signal Violation,South Approach,redlight_viol_3770_1790963485.jpg
INC-0973,2026-10-02 23:21:26,3763,Motorcycle,35.4,60.0,Red Light Signal Violation,North Approach,redlight_viol_3763_1790963486.jpg
INC-0974,2026-10-02 23:21:29,3782,Motorcycle,44.9,60.0,Red Light Signal Violation,North Approach,redlight_viol_3782_1790963489.jpg
INC-0975,2026-10-02 23:21:31,3786,Motorcycle,41.9,60.0,Red Light Signal Violation,South Approach,redlight_viol_3786_1790963491.jpg
INC-0976,2026-10-02 23:21:31,3785,Motorcycle,66.0,60.0,Over-speeding (66.0 km/h > 60.0 km/h),South Approach,speed_viol_3785_1790963491.jpg
INC-0977,2026-10-02 23:21:32,3788,Motorcycle,44.6,60.0,Red Light Signal Violation,South Approach,redlight_viol_3788_1790963492.jpg
INC-0978,2026-10-02 23:21:32,3786,Motorcycle,65.4,60.0,Over-speeding (65.4 km/h > 60.0 km/h),West Approach,speed_viol_3786_1790963492.jpg
INC-0979,2026-10-02 23:21:33,3794,Motorcycle,39.4,60.0,Red Light Signal Violation,North Approach,redlight_viol_3794_1790963493.jpg
INC-0980,2026-10-02 23:21:33,3795,Motorcycle,41.1,60.0,Red Light Signal Violation,South Approach,redlight_viol_3795_1790963493.jpg
INC-0981,2026-10-02 23:21:36,3781,Motorcycle,68.0,60.0,Over-speeding (68.0 km/h > 60.0 km/h),East Approach,speed_viol_3781_1790963496.jpg
INC-0982,2026-10-02 23:21:36,3781,Motorcycle,35.9,60.0,Red Light Signal Violation,South Approach,redlight_viol_3781_1790963496.jpg
INC-0983,2026-10-02 23:21:37,3808,Motorcycle,43.3,60.0,Red Light Signal Violation,South Approach,redlight_viol_3808_1790963497.jpg
INC-0984,2026-10-02 23:21:38,3811,Motorcycle,37.1,60.0,Red Light Signal Violation,North Approach,redlight_viol_3811_1790963498.jpg
INC-0985,2026-10-02 23:21:39,3801,Car,37.6,60.0,Red Light Signal Violation,North Approach,redlight_viol_3801_1790963499.jpg
INC-0986,2026-10-02 23:21:39,3812,Car,42.5,60.0,Red Light Signal Violation,South Approach,redlight_viol_3812_1790963499.jpg
INC-0987,2026-10-02 23:21:39,3812,Car,68.0,60.0,Over-speeding (68.0 km/h > 60.0 km/h),North Approach,speed_viol_3812_1790963499.jpg
INC-0988,2026-10-02 23:21:40,3810,Motorcycle,58.3,60.0,Red Light Signal Violation,North Approach,redlight_viol_3810_1790963500.jpg
INC-0989,2026-10-02 23:21:41,3820,Motorcycle,43.6,60.0,Red Light Signal Violation,South Approach,redlight_viol_3820_1790963501.jpg
INC-0990,2026-10-02 23:21:42,3824,Motorcycle,41.2,60.0,Red Light Signal Violation,North Approach,redlight_viol_3824_1790963502.jpg
INC-0991,2026-10-02 23:21:42,3825,Motorcycle,43.5,60.0,Red Light Signal Violation,South Approach,redlight_viol_3825_1790963502.jpg
INC-0992,2026-10-02 23:21:43,3818,Car,40.1,60.0,Red Light Signal Violation,North Approach,redlight_viol_3818_1790963503.jpg
INC-0993,2026-10-02 23:21:43,3827,Motorcycle,60.1,60.0,Over-speeding (60.1 km/h > 60.0 km/h),East Approach,speed_viol_3827_1790963503.jpg
INC-0994,2026-10-02 23:21:45,3831,Motorcycle,42.8,60.0,Red Light Signal Violation,North Approach,redlight_viol_3831_1790963505.jpg
INC-0995,2026-10-02 23:21:47,3836,Motorcycle,45.6,60.0,Red Light Signal Violation,South Approach,redlight_viol_3836_1790963507.jpg
INC-0996,2026-10-02 23:21:49,3843,Motorcycle,45.3,60.0,Red Light Signal Violation,North Approach,redlight_viol_3843_1790963509.jpg
INC-0997,2026-10-02 23:21:51,3850,Motorcycle,39.6,60.0,Red Light Signal Violation,South Approach,redlight_viol_3850_1790963511.jpg
INC-0998,2026-10-02 23:21:52,3845,Car,42.2,60.0,Red Light Signal Violation,North Approach,redlight_viol_3845_1790963512.jpg
INC-0999,2026-10-02 23:21:52,3853,Motorcycle,35.9,60.0,Red Light Signal Violation,South Approach,redlight_viol_3853_1790963512.jpg
INC-1000,2026-10-02 23:21:53,3853,Motorcycle,60.2,60.0,Over-speeding (60.2 km/h > 60.0 km/h),South Approach,speed_viol_3853_1790963513.jpg
INC-1001,2026-10-02 23:21:53,3848,Car,42.2,60.0,Red Light Signal Violation,South Approach,redlight_viol_3848_1790963513.jpg
INC-1002,2026-10-02 23:21:53,3858,Car,39.0,60.0,Red Light Signal Violation,South Approach,redlight_viol_3858_1790963513.jpg
INC-1003,2026-10-02 23:21:54,3851,Motorcycle,35.1,60.0,Red Light Signal Violation,North Approach,redlight_viol_3851_1790963514.jpg
INC-1004,2026-10-02 23:21:55,3864,Motorcycle,38.0,60.0,Red Light Signal Violation,North Approach,redlight_viol_3864_1790963515.jpg
INC-1005,2026-10-02 23:21:57,3870,Motorcycle,37.5,60.0,Red Light Signal Violation,North Approach,redlight_viol_3870_1790963517.jpg
INC-1006,2026-10-02 23:21:59,3874,Motorcycle,36.6,60.0,Red Light Signal Violation,South Approach,redlight_viol_3874_1790963519.jpg
INC-1007,2026-10-02 23:22:00,3873,Motorcycle,64.2,60.0,Over-speeding (64.2 km/h > 60.0 km/h),South Approach,speed_viol_3873_1790963520.jpg
INC-1008,2026-10-02 23:22:01,3874,Motorcycle,64.7,60.0,Over-speeding (64.7 km/h > 60.0 km/h),West Approach,speed_viol_3874_1790963521.jpg
INC-1009,2026-10-02 23:22:03,3887,Motorcycle,38.3,60.0,Red Light Signal Violation,East Approach,redlight_viol_3887_1790963523.jpg
INC-1010,2026-10-02 23:22:04,3869,Motorcycle,37.4,60.0,Red Light Signal Violation,East Approach,redlight_viol_3869_1790963524.jpg
INC-1011,2026-10-02 23:22:05,3889,Motorcycle,38.6,60.0,Red Light Signal Violation,East Approach,redlight_viol_3889_1790963525.jpg
INC-1012,2026-10-02 23:22:05,3869,Motorcycle,68.0,60.0,Over-speeding (68.0 km/h > 60.0 km/h),East Approach,speed_viol_3869_1790963525.jpg
INC-1013,2026-10-02 23:22:06,3875,Motorcycle,39.6,60.0,Red Light Signal Violation,East Approach,redlight_viol_3875_1790963526.jpg
INC-1014,2026-10-02 23:22:08,3901,Car,40.4,60.0,Red Light Signal Violation,East Approach,redlight_viol_3901_1790963528.jpg
INC-1015,2026-10-02 23:22:08,3901,Car,67.9,60.0,Over-speeding (67.9 km/h > 60.0 km/h),North Approach,speed_viol_3901_1790963528.jpg
INC-1016,2026-10-02 23:22:09,3881,Motorcycle,42.4,60.0,Red Light Signal Violation,West Approach,redlight_viol_3881_1790963529.jpg
INC-1017,2026-10-02 23:22:09,3899,Motorcycle,63.7,60.0,Over-speeding (63.7 km/h > 60.0 km/h),North Approach,speed_viol_3899_1790963529.jpg
INC-1018,2026-10-02 23:22:14,3920,Motorcycle,40.5,60.0,Red Light Signal Violation,West Approach,redlight_viol_3920_1790963534.jpg
INC-1019,2026-10-02 23:22:17,3928,Car,42.0,60.0,Red Light Signal Violation,East Approach,redlight_viol_3928_1790963537.jpg
INC-1020,2026-10-02 23:22:18,3919,Motorcycle,40.0,60.0,Red Light Signal Violation,West Approach,redlight_viol_3919_1790963538.jpg
INC-1021,2026-10-02 23:22:18,3929,Motorcycle,65.3,60.0,Over-speeding (65.3 km/h > 60.0 km/h),West Approach,speed_viol_3929_1790963538.jpg
INC-1022,2026-10-02 23:22:18,3932,Motorcycle,35.4,60.0,Red Light Signal Violation,East Approach,redlight_viol_3932_1790963538.jpg
INC-1023,2026-10-02 23:22:20,3939,Motorcycle,36.9,60.0,Red Light Signal Violation,West Approach,redlight_viol_3939_1790963540.jpg
INC-1024,2026-10-02 23:22:20,3934,Car,60.8,60.0,Over-speeding (60.8 km/h > 60.0 km/h),North Approach,speed_viol_3934_1790963540.jpg
INC-1025,2026-10-02 23:22:22,3942,Motorcycle,41.8,60.0,Red Light Signal Violation,East Approach,redlight_viol_3942_1790963542.jpg
INC-1026,2026-10-02 23:22:22,3947,Car,39.6,60.0,Red Light Signal Violation,West Approach,redlight_viol_3947_1790963542.jpg
INC-1027,2026-10-02 23:22:24,3936,Car,38.6,60.0,Red Light Signal Violation,East Approach,redlight_viol_3936_1790963544.jpg
INC-1028,2026-10-02 23:22:26,3959,Motorcycle,37.7,60.0,Red Light Signal Violation,East Approach,redlight_viol_3959_1790963546.jpg
INC-1029,2026-10-02 23:22:28,3963,Motorcycle,35.8,60.0,Red Light Signal Violation,East Approach,redlight_viol_3963_1790963548.jpg
INC-1030,2026-10-02 23:22:28,3962,Motorcycle,67.7,60.0,Over-speeding (67.7 km/h > 60.0 km/h),South Approach,speed_viol_3962_1790963548.jpg
INC-1031,2026-10-02 23:22:32,3976,Motorcycle,37.4,60.0,Red Light Signal Violation,East Approach,redlight_viol_3976_1790963552.jpg
INC-1032,2026-10-02 23:22:32,3958,Motorcycle,36.1,60.0,Red Light Signal Violation,East Approach,redlight_viol_3958_1790963552.jpg
INC-1033,2026-10-02 23:22:33,3961,Motorcycle,35.3,60.0,Red Light Signal Violation,West Approach,redlight_viol_3961_1790963553.jpg
INC-1034,2026-10-02 23:22:33,3958,Motorcycle,68.0,60.0,Over-speeding (68.0 km/h > 60.0 km/h),East Approach,speed_viol_3958_1790963553.jpg
INC-1035,2026-10-02 23:22:34,3985,Motorcycle,39.2,60.0,Red Light Signal Violation,South Approach,redlight_viol_3985_1790963554.jpg
INC-1036,2026-10-02 23:22:35,3988,Motorcycle,37.2,60.0,Red Light Signal Violation,North Approach,redlight_viol_3988_1790963555.jpg
INC-1037,2026-10-02 23:22:36,3978,Car,38.2,60.0,Red Light Signal Violation,North Approach,redlight_viol_3978_1790963556.jpg
INC-1038,2026-10-02 23:22:36,3989,Car,38.5,60.0,Red Light Signal Violation,South Approach,redlight_viol_3989_1790963556.jpg
INC-1039,2026-10-02 23:22:36,3989,Car,63.6,60.0,Over-speeding (63.6 km/h > 60.0 km/h),North Approach,speed_viol_3989_1790963556.jpg
INC-1040,2026-10-02 23:22:37,3987,Motorcycle,36.6,60.0,Red Light Signal Violation,North Approach,redlight_viol_3987_1790963557.jpg
INC-1041,2026-10-02 23:22:37,3987,Motorcycle,62.4,60.0,Over-speeding (62.4 km/h > 60.0 km/h),North Approach,speed_viol_3987_1790963557.jpg
INC-1042,2026-10-02 23:22:38,3997,Motorcycle,37.4,60.0,Red Light Signal Violation,South Approach,redlight_viol_3997_1790963558.jpg
INC-1043,2026-10-02 23:22:38,4001,Motorcycle,44.9,60.0,Red Light Signal Violation,North Approach,redlight_viol_4001_1790963558.jpg
INC-1044,2026-10-02 23:22:39,4002,Motorcycle,35.7,60.0,Red Light Signal Violation,South Approach,redlight_viol_4002_1790963559.jpg
INC-1045,2026-10-02 23:22:40,3995,Car,43.7,60.0,Red Light Signal Violation,North Approach,redlight_viol_3995_1790963560.jpg
INC-1046,2026-10-02 23:22:40,4004,Motorcycle,61.4,60.0,Over-speeding (61.4 km/h > 60.0 km/h),East Approach,speed_viol_4004_1790963560.jpg
INC-1047,2026-10-02 23:22:41,4008,Motorcycle,36.2,60.0,Red Light Signal Violation,North Approach,redlight_viol_4008_1790963561.jpg
INC-1048,2026-10-02 23:22:43,4013,Motorcycle,36.2,60.0,Red Light Signal Violation,South Approach,redlight_viol_4013_1790963563.jpg
INC-1049,2026-10-02 23:22:46,4020,Motorcycle,44.3,60.0,Red Light Signal Violation,North Approach,redlight_viol_4020_1790963566.jpg
INC-1050,2026-10-02 23:22:46,4017,Motorcycle,66.0,60.0,Over-speeding (66.0 km/h > 60.0 km/h),West Approach,speed_viol_4017_1790963566.jpg
INC-1051,2026-10-02 23:22:48,4027,Motorcycle,45.5,60.0,Red Light Signal Violation,South Approach,redlight_viol_4027_1790963568.jpg
INC-1052,2026-10-02 23:22:48,4022,Car,44.9,60.0,Red Light Signal Violation,North Approach,redlight_viol_4022_1790963568.jpg
INC-1053,2026-10-02 23:22:48,4022,Car,65.5,60.0,Over-speeding (65.5 km/h > 60.0 km/h),North Approach,speed_viol_4022_1790963568.jpg
INC-1054,2026-10-02 23:22:49,4030,Motorcycle,39.3,60.0,Red Light Signal Violation,South Approach,redlight_viol_4030_1790963569.jpg
INC-1055,2026-10-02 23:22:49,4025,Car,47.0,60.0,Red Light Signal Violation,South Approach,redlight_viol_4025_1790963569.jpg
INC-1056,2026-10-02 23:22:50,4035,Car,45.6,60.0,Red Light Signal Violation,South Approach,redlight_viol_4035_1790963570.jpg
INC-1057,2026-10-02 23:22:50,4028,Motorcycle,36.1,60.0,Red Light Signal Violation,North Approach,redlight_viol_4028_1790963570.jpg
INC-1058,2026-10-02 23:22:51,4041,Motorcycle,45.9,60.0,Red Light Signal Violation,North Approach,redlight_viol_4041_1790963571.jpg
INC-1059,2026-10-02 23:22:54,4047,Motorcycle,41.1,60.0,Red Light Signal Violation,North Approach,redlight_viol_4047_1790963574.jpg
INC-1060,2026-10-02 23:22:55,4051,Motorcycle,35.1,60.0,Red Light Signal Violation,South Approach,redlight_viol_4051_1790963575.jpg
INC-1061,2026-10-02 23:22:56,4050,Motorcycle,68.0,60.0,Over-speeding (68.0 km/h > 60.0 km/h),South Approach,speed_viol_4050_1790963576.jpg
INC-1062,2026-10-02 23:22:56,4053,Motorcycle,46.0,60.0,Red Light Signal Violation,South Approach,redlight_viol_4053_1790963576.jpg
INC-1063,2026-10-02 23:22:57,4051,Motorcycle,65.0,60.0,Over-speeding (65.0 km/h > 60.0 km/h),West Approach,speed_viol_4051_1790963577.jpg
INC-1064,2026-10-02 23:22:58,4059,Motorcycle,40.7,60.0,Red Light Signal Violation,North Approach,redlight_viol_4059_1790963578.jpg
INC-1065,2026-10-02 23:22:58,4060,Motorcycle,36.9,60.0,Red Light Signal Violation,South Approach,redlight_viol_4060_1790963578.jpg
INC-1066,2026-10-02 23:22:59,4064,Motorcycle,41.8,60.0,Red Light Signal Violation,North Approach,redlight_viol_4064_1790963579.jpg
INC-1067,2026-10-02 23:23:00,4066,Motorcycle,39.3,60.0,Red Light Signal Violation,South Approach,redlight_viol_4066_1790963580.jpg
INC-1068,2026-10-02 23:23:01,4046,Motorcycle,68.0,60.0,Over-speeding (68.0 km/h > 60.0 km/h),East Approach,speed_viol_4046_1790963581.jpg
INC-1069,2026-10-02 23:23:01,4046,Motorcycle,39.2,60.0,Red Light Signal Violation,South Approach,redlight_viol_4046_1790963581.jpg
INC-1070,2026-10-02 23:23:02,4074,Motorcycle,35.6,60.0,Red Light Signal Violation,South Approach,redlight_viol_4074_1790963582.jpg
INC-1071,2026-10-02 23:23:02,4077,Motorcycle,40.2,60.0,Red Light Signal Violation,North Approach,redlight_viol_4077_1790963582.jpg
INC-1072,2026-10-02 23:23:03,4067,Car,38.2,60.0,Red Light Signal Violation,North Approach,redlight_viol_4067_1790963583.jpg
INC-1073,2026-10-02 23:23:03,4078,Car,35.2,60.0,Red Light Signal Violation,South Approach,redlight_viol_4078_1790963583.jpg
INC-1074,2026-10-02 23:23:04,4078,Car,65.5,60.0,Over-speeding (65.5 km/h > 60.0 km/h),North Approach,speed_viol_4078_1790963584.jpg
INC-1075,2026-10-02 23:23:05,4076,Motorcycle,35.1,60.0,Red Light Signal Violation,North Approach,redlight_viol_4076_1790963585.jpg
INC-1076,2026-10-02 23:23:05,4076,Motorcycle,63.1,60.0,Over-speeding (63.1 km/h > 60.0 km/h),North Approach,speed_viol_4076_1790963585.jpg
INC-1077,2026-10-02 23:23:05,4086,Motorcycle,41.0,60.0,Red Light Signal Violation,South Approach,redlight_viol_4086_1790963585.jpg
INC-1078,2026-10-02 23:23:06,4091,Motorcycle,42.7,60.0,Red Light Signal Violation,South Approach,redlight_viol_4091_1790963586.jpg
INC-1079,2026-10-02 23:23:07,4084,Car,40.2,60.0,Red Light Signal Violation,North Approach,redlight_viol_4084_1790963587.jpg
INC-1080,2026-10-02 23:23:08,4093,Motorcycle,61.2,60.0,Over-speeding (61.2 km/h > 60.0 km/h),East Approach,speed_viol_4093_1790963588.jpg
INC-1081,2026-10-02 23:23:09,4097,Motorcycle,44.2,60.0,Red Light Signal Violation,North Approach,redlight_viol_4097_1790963589.jpg
INC-1082,2026-10-02 23:23:11,4102,Motorcycle,35.9,60.0,Red Light Signal Violation,South Approach,redlight_viol_4102_1790963591.jpg
INC-1083,2026-10-02 23:23:14,4109,Motorcycle,41.9,60.0,Red Light Signal Violation,North Approach,redlight_viol_4109_1790963594.jpg
INC-1084,2026-10-02 23:23:14,4106,Motorcycle,62.5,60.0,Over-speeding (62.5 km/h > 60.0 km/h),West Approach,speed_viol_4106_1790963594.jpg
INC-1085,2026-10-02 23:23:15,4115,Motorcycle,41.3,60.0,Red Light Signal Violation,North Approach,redlight_viol_4115_1790963595.jpg
INC-1086,2026-10-02 23:23:16,4111,Car,44.3,60.0,Red Light Signal Violation,North Approach,redlight_viol_4111_1790963596.jpg
INC-1087,2026-10-02 23:23:16,4111,Car,64.5,60.0,Over-speeding (64.5 km/h > 60.0 km/h),North Approach,speed_viol_4111_1790963596.jpg
INC-1088,2026-10-02 23:23:16,4116,Motorcycle,53.0,60.0,Red Light Signal Violation,North Approach,redlight_viol_4116_1790963596.jpg
INC-1089,2026-10-02 23:23:16,4119,Motorcycle,39.8,60.0,Red Light Signal Violation,South Approach,redlight_viol_4119_1790963596.jpg
INC-1090,2026-10-02 23:23:17,4114,Car,45.1,60.0,Red Light Signal Violation,South Approach,redlight_viol_4114_1790963597.jpg
INC-1091,2026-10-02 23:23:18,4117,Motorcycle,35.6,60.0,Red Light Signal Violation,North Approach,redlight_viol_4117_1790963598.jpg
INC-1092,2026-10-02 23:23:19,4130,Motorcycle,43.7,60.0,Red Light Signal Violation,North Approach,redlight_viol_4130_1790963599.jpg
INC-1093,2026-10-02 23:23:21,4136,Motorcycle,45.7,60.0,Red Light Signal Violation,North Approach,redlight_viol_4136_1790963601.jpg
INC-1094,2026-10-02 23:23:23,4140,Motorcycle,40.2,60.0,Red Light Signal Violation,South Approach,redlight_viol_4140_1790963603.jpg
INC-1095,2026-10-02 23:23:23,4139,Motorcycle,68.0,60.0,Over-speeding (68.0 km/h > 60.0 km/h),South Approach,speed_viol_4139_1790963603.jpg
INC-1096,2026-10-02 23:23:24,4142,Motorcycle,39.6,60.0,Red Light Signal Violation,South Approach,redlight_viol_4142_1790963604.jpg
INC-1097,2026-10-02 23:23:25,4140,Motorcycle,64.4,60.0,Over-speeding (64.4 km/h > 60.0 km/h),West Approach,speed_viol_4140_1790963605.jpg
INC-1098,2026-10-02 23:23:28,4135,Motorcycle,37.3,60.0,Red Light Signal Violation,East Approach,redlight_viol_4135_1790963608.jpg
INC-1099,2026-10-02 23:23:28,4138,Motorcycle,36.5,60.0,Red Light Signal Violation,West Approach,redlight_viol_4138_1790963608.jpg
INC-1100,2026-10-02 23:23:28,4135,Motorcycle,65.7,60.0,Over-speeding (65.7 km/h > 60.0 km/h),East Approach,speed_viol_4135_1790963608.jpg
INC-1101,2026-10-02 23:23:30,4141,Motorcycle,40.7,60.0,Red Light Signal Violation,East Approach,redlight_viol_4141_1790963610.jpg
INC-1102,2026-10-02 23:23:31,4166,Car,36.7,60.0,Red Light Signal Violation,East Approach,redlight_viol_4166_1790963611.jpg
INC-1103,2026-10-02 23:23:32,4166,Car,66.6,60.0,Over-speeding (66.6 km/h > 60.0 km/h),North Approach,speed_viol_4166_1790963612.jpg
INC-1104,2026-10-02 23:23:32,4147,Motorcycle,41.0,60.0,Red Light Signal Violation,West Approach,redlight_viol_4147_1790963612.jpg
INC-1105,2026-10-02 23:23:33,4164,Motorcycle,65.5,60.0,Over-speeding (65.5 km/h > 60.0 km/h),North Approach,speed_viol_4164_1790963613.jpg
INC-1106,2026-10-02 23:23:35,4181,Motorcycle,62.2,60.0,Over-speeding (62.2 km/h > 60.0 km/h),East Approach,speed_viol_4181_1790963615.jpg
INC-1107,2026-10-02 23:23:37,4185,Motorcycle,39.0,60.0,Red Light Signal Violation,West Approach,redlight_viol_4185_1790963617.jpg
INC-1108,2026-10-02 23:23:41,4193,Car,39.7,60.0,Red Light Signal Violation,East Approach,redlight_viol_4193_1790963621.jpg
INC-1109,2026-10-02 23:23:42,4184,Motorcycle,37.9,60.0,Red Light Signal Violation,West Approach,redlight_viol_4184_1790963622.jpg
INC-1110,2026-10-02 23:23:42,4194,Motorcycle,61.4,60.0,Over-speeding (61.4 km/h > 60.0 km/h),West Approach,speed_viol_4194_1790963622.jpg
INC-1111,2026-10-02 23:23:43,4203,Motorcycle,37.9,60.0,Red Light Signal Violation,East Approach,redlight_viol_4203_1790963623.jpg
INC-1112,2026-10-02 23:23:43,4204,Motorcycle,37.9,60.0,Red Light Signal Violation,West Approach,redlight_viol_4204_1790963623.jpg
INC-1113,2026-10-02 23:23:43,4199,Car,64.4,60.0,Over-speeding (64.4 km/h > 60.0 km/h),North Approach,speed_viol_4199_1790963623.jpg
INC-1114,2026-10-02 23:23:45,4207,Motorcycle,47.6,60.0,Red Light Signal Violation,East Approach,redlight_viol_4207_1790963625.jpg
INC-1115,2026-10-02 23:23:45,4212,Car,40.9,60.0,Red Light Signal Violation,West Approach,redlight_viol_4212_1790963625.jpg
INC-1116,2026-10-02 23:23:47,4201,Car,41.7,60.0,Red Light Signal Violation,East Approach,redlight_viol_4201_1790963627.jpg
INC-1117,2026-10-02 23:23:49,4224,Motorcycle,40.7,60.0,Red Light Signal Violation,East Approach,redlight_viol_4224_1790963629.jpg
INC-1118,2026-10-02 23:23:51,4228,Motorcycle,43.0,60.0,Red Light Signal Violation,South Approach,redlight_viol_4228_1790963631.jpg
INC-1119,2026-10-02 23:23:51,4227,Motorcycle,68.0,60.0,Over-speeding (68.0 km/h > 60.0 km/h),South Approach,speed_viol_4227_1790963631.jpg
INC-1120,2026-10-02 23:23:52,4230,Motorcycle,36.7,60.0,Red Light Signal Violation,South Approach,redlight_viol_4230_1790963632.jpg
INC-1121,2026-10-02 23:23:52,4228,Motorcycle,65.4,60.0,Over-speeding (65.4 km/h > 60.0 km/h),West Approach,speed_viol_4228_1790963632.jpg
INC-1122,2026-10-02 23:23:53,4236,Motorcycle,37.9,60.0,Red Light Signal Violation,North Approach,redlight_viol_4236_1790963633.jpg
INC-1123,2026-10-02 23:23:53,4237,Motorcycle,40.1,60.0,Red Light Signal Violation,South Approach,redlight_viol_4237_1790963633.jpg
INC-1124,2026-10-02 23:23:55,4241,Motorcycle,39.3,60.0,Red Light Signal Violation,North Approach,redlight_viol_4241_1790963635.jpg
INC-1125,2026-10-02 23:23:55,4243,Motorcycle,45.0,60.0,Red Light Signal Violation,South Approach,redlight_viol_4243_1790963635.jpg
INC-1126,2026-10-02 23:23:56,4223,Motorcycle,68.0,60.0,Over-speeding (68.0 km/h > 60.0 km/h),East Approach,speed_viol_4223_1790963636.jpg
INC-1127,2026-10-02 23:23:56,4223,Motorcycle,38.2,60.0,Red Light Signal Violation,South Approach,redlight_viol_4223_1790963636.jpg
INC-1128,2026-10-02 23:23:58,4254,Motorcycle,43.9,60.0,Red Light Signal Violation,North Approach,redlight_viol_4254_1790963638.jpg
INC-1129,2026-10-02 23:23:59,4244,Car,35.8,60.0,Red Light Signal Violation,North Approach,redlight_viol_4244_1790963639.jpg
INC-1130,2026-10-02 23:23:59,4255,Car,62.5,60.0,Over-speeding (62.5 km/h > 60.0 km/h),North Approach,speed_viol_4255_1790963639.jpg
INC-1131,2026-10-02 23:24:00,4253,Motorcycle,35.9,60.0,Red Light Signal Violation,North Approach,redlight_viol_4253_1790963640.jpg
INC-1132,2026-10-02 23:24:00,4255,Car,37.4,60.0,Red Light Signal Violation,South Approach,redlight_viol_4255_1790963640.jpg
INC-1133,2026-10-02 23:24:00,4253,Motorcycle,62.6,60.0,Over-speeding (62.6 km/h > 60.0 km/h),North Approach,speed_viol_4253_1790963640.jpg
INC-1134,2026-10-02 23:24:01,4263,Motorcycle,40.0,60.0,Red Light Signal Violation,South Approach,redlight_viol_4263_1790963641.jpg
INC-1135,2026-10-02 23:24:01,4267,Motorcycle,45.6,60.0,Red Light Signal Violation,North Approach,redlight_viol_4267_1790963641.jpg
INC-1136,2026-10-02 23:24:02,4268,Motorcycle,38.7,60.0,Red Light Signal Violation,South Approach,redlight_viol_4268_1790963642.jpg
INC-1137,2026-10-02 23:24:03,4261,Car,43.7,60.0,Red Light Signal Violation,North Approach,redlight_viol_4261_1790963643.jpg
INC-1138,2026-10-02 23:24:03,4270,Motorcycle,63.7,60.0,Over-speeding (63.7 km/h > 60.0 km/h),East Approach,speed_viol_4270_1790963643.jpg
INC-1139,2026-10-02 23:24:09,4286,Motorcycle,38.4,60.0,Red Light Signal Violation,North Approach,redlight_viol_4286_1790963649.jpg
INC-1140,2026-10-02 23:24:09,4283,Motorcycle,61.0,60.0,Over-speeding (61.0 km/h > 60.0 km/h),West Approach,speed_viol_4283_1790963649.jpg
INC-1141,2026-10-02 23:24:11,4293,Motorcycle,35.7,60.0,Red Light Signal Violation,South Approach,redlight_viol_4293_1790963651.jpg
INC-1142,2026-10-02 23:24:11,4288,Car,45.0,60.0,Red Light Signal Violation,North Approach,redlight_viol_4288_1790963651.jpg
INC-1143,2026-10-02 23:24:11,4288,Car,62.6,60.0,Over-speeding (62.6 km/h > 60.0 km/h),North Approach,speed_viol_4288_1790963651.jpg
INC-1144,2026-10-02 23:24:12,4296,Motorcycle,40.2,60.0,Red Light Signal Violation,South Approach,redlight_viol_4296_1790963652.jpg
INC-1145,2026-10-02 23:24:12,4291,Car,46.0,60.0,Red Light Signal Violation,South Approach,redlight_viol_4291_1790963652.jpg
INC-1146,2026-10-02 23:24:13,4301,Car,37.2,60.0,Red Light Signal Violation,South Approach,redlight_viol_4301_1790963653.jpg
INC-1147,2026-10-02 23:24:13,4294,Motorcycle,36.3,60.0,Red Light Signal Violation,North Approach,redlight_viol_4294_1790963653.jpg
INC-1148,2026-10-02 23:24:14,4307,Motorcycle,36.3,60.0,Red Light Signal Violation,North Approach,redlight_viol_4307_1790963654.jpg
INC-1149,2026-10-02 23:24:16,4313,Motorcycle,45.1,60.0,Red Light Signal Violation,North Approach,redlight_viol_4313_1790963656.jpg
INC-1150,2026-10-02 23:24:18,4317,Motorcycle,37.1,60.0,Red Light Signal Violation,South Approach,redlight_viol_4317_1790963658.jpg
INC-1151,2026-10-02 23:24:18,4316,Motorcycle,65.3,60.0,Over-speeding (65.3 km/h > 60.0 km/h),South Approach,speed_viol_4316_1790963658.jpg
INC-1152,2026-10-02 23:24:19,4319,Motorcycle,36.6,60.0,Red Light Signal Violation,South Approach,redlight_viol_4319_1790963659.jpg
INC-1153,2026-10-02 23:24:20,4317,Motorcycle,62.7,60.0,Over-speeding (62.7 km/h > 60.0 km/h),West Approach,speed_viol_4317_1790963660.jpg
INC-1154,2026-10-02 23:24:21,4325,Motorcycle,35.4,60.0,Red Light Signal Violation,North Approach,redlight_viol_4325_1790963661.jpg
INC-1155,2026-10-02 23:24:22,4330,Motorcycle,41.3,60.0,Red Light Signal Violation,North Approach,redlight_viol_4330_1790963662.jpg
INC-1156,2026-10-02 23:24:23,4312,Motorcycle,68.0,60.0,Over-speeding (68.0 km/h > 60.0 km/h),East Approach,speed_viol_4312_1790963663.jpg
INC-1157,2026-10-02 23:24:24,4312,Motorcycle,38.6,60.0,Red Light Signal Violation,South Approach,redlight_viol_4312_1790963664.jpg
INC-1158,2026-10-02 23:24:25,4339,Motorcycle,43.6,60.0,Red Light Signal Violation,South Approach,redlight_viol_4339_1790963665.jpg
INC-1159,2026-10-02 23:24:26,4332,Car,37.9,60.0,Red Light Signal Violation,North Approach,redlight_viol_4332_1790963666.jpg
INC-1160,2026-10-02 23:24:26,4343,Car,41.5,60.0,Red Light Signal Violation,South Approach,redlight_viol_4343_1790963666.jpg
INC-1161,2026-10-02 23:24:26,4343,Car,67.9,60.0,Over-speeding (67.9 km/h > 60.0 km/h),North Approach,speed_viol_4343_1790963666.jpg
INC-1162,2026-10-02 23:24:28,4341,Motorcycle,35.4,60.0,Red Light Signal Violation,North Approach,redlight_viol_4341_1790963668.jpg
INC-1163,2026-10-02 23:24:28,4341,Motorcycle,62.0,60.0,Over-speeding (62.0 km/h > 60.0 km/h),North Approach,speed_viol_4341_1790963668.jpg
INC-1164,2026-10-02 23:24:28,4351,Motorcycle,43.0,60.0,Red Light Signal Violation,South Approach,redlight_viol_4351_1790963668.jpg
INC-1165,2026-10-02 23:24:29,4355,Motorcycle,41.2,60.0,Red Light Signal Violation,North Approach,redlight_viol_4355_1790963669.jpg
INC-1166,2026-10-02 23:24:29,4356,Motorcycle,38.1,60.0,Red Light Signal Violation,South Approach,redlight_viol_4356_1790963669.jpg
INC-1167,2026-10-02 23:24:30,4349,Car,46.0,60.0,Red Light Signal Violation,North Approach,redlight_viol_4349_1790963670.jpg
INC-1168,2026-10-02 23:24:30,4358,Motorcycle,64.2,60.0,Over-speeding (64.2 km/h > 60.0 km/h),East Approach,speed_viol_4358_1790963670.jpg
INC-1169,2026-10-02 23:24:33,4367,Motorcycle,46.0,60.0,Red Light Signal Violation,South Approach,redlight_viol_4367_1790963673.jpg
INC-1170,2026-10-02 23:24:36,4371,Motorcycle,63.0,60.0,Over-speeding (63.0 km/h > 60.0 km/h),West Approach,speed_viol_4371_1790963676.jpg
INC-1171,2026-10-02 23:24:38,4380,Motorcycle,36.6,60.0,Red Light Signal Violation,North Approach,redlight_viol_4380_1790963678.jpg
INC-1172,2026-10-02 23:24:38,4381,Motorcycle,35.4,60.0,Red Light Signal Violation,South Approach,redlight_viol_4381_1790963678.jpg
INC-1173,2026-10-02 23:24:38,4376,Car,43.5,60.0,Red Light Signal Violation,North Approach,redlight_viol_4376_1790963678.jpg
INC-1174,2026-10-02 23:24:38,4376,Car,65.1,60.0,Over-speeding (65.1 km/h > 60.0 km/h),North Approach,speed_viol_4376_1790963678.jpg
INC-1175,2026-10-02 23:24:39,4384,Motorcycle,52.8,60.0,Red Light Signal Violation,South Approach,redlight_viol_4384_1790963679.jpg
INC-1176,2026-10-02 23:24:40,4379,Car,46.3,60.0,Red Light Signal Violation,South Approach,redlight_viol_4379_1790963680.jpg
INC-1177,2026-10-02 23:24:40,4389,Car,41.8,60.0,Red Light Signal Violation,South Approach,redlight_viol_4389_1790963680.jpg
INC-1178,2026-10-02 23:24:41,4382,Motorcycle,35.3,60.0,Red Light Signal Violation,North Approach,redlight_viol_4382_1790963681.jpg
INC-1179,2026-10-02 23:24:41,4395,Motorcycle,39.6,60.0,Red Light Signal Violation,North Approach,redlight_viol_4395_1790963681.jpg
INC-1180,2026-10-02 23:24:44,4401,Motorcycle,43.9,60.0,Red Light Signal Violation,North Approach,redlight_viol_4401_1790963684.jpg
INC-1181,2026-10-02 23:24:46,4405,Motorcycle,45.5,60.0,Red Light Signal Violation,South Approach,redlight_viol_4405_1790963686.jpg
INC-1182,2026-10-02 23:24:46,4404,Motorcycle,68.0,60.0,Over-speeding (68.0 km/h > 60.0 km/h),South Approach,speed_viol_4404_1790963686.jpg
INC-1183,2026-10-02 23:24:47,4407,Motorcycle,45.1,60.0,Red Light Signal Violation,South Approach,redlight_viol_4407_1790963687.jpg
INC-1184,2026-10-02 23:24:47,4405,Motorcycle,63.2,60.0,Over-speeding (63.2 km/h > 60.0 km/h),West Approach,speed_viol_4405_1790963687.jpg
INC-1185,2026-10-02 23:24:48,4413,Motorcycle,44.6,60.0,Red Light Signal Violation,North Approach,redlight_viol_4413_1790963688.jpg
INC-1186,2026-10-02 23:24:48,4414,Motorcycle,39.0,60.0,Red Light Signal Violation,South Approach,redlight_viol_4414_1790963688.jpg
INC-1187,2026-10-02 23:24:50,4420,Motorcycle,40.5,60.0,Red Light Signal Violation,South Approach,redlight_viol_4420_1790963690.jpg
INC-1188,2026-10-02 23:24:51,4400,Motorcycle,68.0,60.0,Over-speeding (68.0 km/h > 60.0 km/h),East Approach,speed_viol_4400_1790963691.jpg
INC-1189,2026-10-02 23:24:51,4400,Motorcycle,38.8,60.0,Red Light Signal Violation,South Approach,redlight_viol_4400_1790963691.jpg
INC-1190,2026-10-02 23:24:52,4406,Motorcycle,38.4,60.0,Red Light Signal Violation,East Approach,redlight_viol_4406_1790963692.jpg
INC-1191,2026-10-02 23:24:54,4432,Car,41.3,60.0,Red Light Signal Violation,East Approach,redlight_viol_4432_1790963694.jpg
INC-1192,2026-10-02 23:24:54,4432,Car,67.9,60.0,Over-speeding (67.9 km/h > 60.0 km/h),North Approach,speed_viol_4432_1790963694.jpg
INC-1193,2026-10-02 23:24:55,4412,Motorcycle,41.6,60.0,Red Light Signal Violation,West Approach,redlight_viol_4412_1790963695.jpg
INC-1194,2026-10-02 23:24:55,4430,Motorcycle,63.8,60.0,Over-speeding (63.8 km/h > 60.0 km/h),North Approach,speed_viol_4430_1790963695.jpg
INC-1195,2026-10-02 23:24:59,4451,Motorcycle,35.6,60.0,Red Light Signal Violation,West Approach,redlight_viol_4451_1790963699.jpg
INC-1196,2026-10-02 23:25:03,4459,Car,42.1,60.0,Red Light Signal Violation,East Approach,redlight_viol_4459_1790963703.jpg
INC-1197,2026-10-02 23:25:04,4450,Motorcycle,37.3,60.0,Red Light Signal Violation,West Approach,redlight_viol_4450_1790963704.jpg
INC-1198,2026-10-02 23:25:04,4460,Motorcycle,60.2,60.0,Over-speeding (60.2 km/h > 60.0 km/h),West Approach,speed_viol_4460_1790963704.jpg
INC-1199,2026-10-02 23:25:05,4470,Motorcycle,35.5,60.0,Red Light Signal Violation,West Approach,redlight_viol_4470_1790963705.jpg
INC-1200,2026-10-02 23:25:07,4473,Motorcycle,61.8,60.0,Over-speeding (61.8 km/h > 60.0 km/h),South Approach,speed_viol_4473_1790963707.jpg
INC-1201,2026-10-02 23:25:08,4473,Motorcycle,43.5,60.0,Red Light Signal Violation,East Approach,redlight_viol_4473_1790963708.jpg
INC-1202,2026-10-02 23:25:08,4478,Car,35.9,60.0,Red Light Signal Violation,West Approach,redlight_viol_4478_1790963708.jpg
INC-1203,2026-10-02 23:25:10,4467,Car,40.9,60.0,Red Light Signal Violation,East Approach,redlight_viol_4467_1790963710.jpg
INC-1204,2026-10-02 23:25:12,4490,Motorcycle,37.3,60.0,Red Light Signal Violation,East Approach,redlight_viol_4490_1790963712.jpg
INC-1205,2026-10-02 23:25:13,4493,Motorcycle,65.0,60.0,Over-speeding (65.0 km/h > 60.0 km/h),South Approach,speed_viol_4493_1790963713.jpg
INC-1206,2026-10-02 23:25:14,4494,Motorcycle,40.6,60.0,Red Light Signal Violation,West Approach,redlight_viol_4494_1790963714.jpg
INC-1207,2026-10-02 23:25:18,4489,Motorcycle,37.1,60.0,Red Light Signal Violation,East Approach,redlight_viol_4489_1790963718.jpg
INC-1208,2026-10-02 23:25:19,4489,Motorcycle,68.0,60.0,Over-speeding (68.0 km/h > 60.0 km/h),East Approach,speed_viol_4489_1790963719.jpg
INC-1209,2026-10-02 23:25:20,4495,Motorcycle,36.7,60.0,Red Light Signal Violation,East Approach,redlight_viol_4495_1790963720.jpg
INC-1210,2026-10-02 23:25:22,4520,Car,38.4,60.0,Red Light Signal Violation,East Approach,redlight_viol_4520_1790963722.jpg
INC-1211,2026-10-02 23:25:23,4501,Motorcycle,42.8,60.0,Red Light Signal Violation,West Approach,redlight_viol_4501_1790963723.jpg
INC-1212,2026-10-02 23:25:23,4520,Car,60.8,60.0,Over-speeding (60.8 km/h > 60.0 km/h),West Approach,speed_viol_4520_1790963723.jpg
INC-1213,2026-10-02 23:25:24,4518,Motorcycle,60.3,60.0,Over-speeding (60.3 km/h > 60.0 km/h),North Approach,speed_viol_4518_1790963724.jpg
INC-1214,2026-10-02 23:25:27,4539,Motorcycle,38.4,60.0,Red Light Signal Violation,West Approach,redlight_viol_4539_1790963727.jpg
INC-1215,2026-10-02 23:25:31,4547,Car,35.6,60.0,Red Light Signal Violation,East Approach,redlight_viol_4547_1790963731.jpg
INC-1216,2026-10-02 23:25:32,4538,Motorcycle,40.8,60.0,Red Light Signal Violation,West Approach,redlight_viol_4538_1790963732.jpg
INC-1217,2026-10-02 23:25:32,4548,Motorcycle,66.9,60.0,Over-speeding (66.9 km/h > 60.0 km/h),West Approach,speed_viol_4548_1790963732.jpg
INC-1218,2026-10-02 23:25:34,4551,Motorcycle,60.6,60.0,Over-speeding (60.6 km/h > 60.0 km/h),North Approach,speed_viol_4551_1790963734.jpg
INC-1219,2026-10-02 23:25:34,4557,Motorcycle,36.2,60.0,Red Light Signal Violation,North Approach,redlight_viol_4557_1790963734.jpg
INC-1220,2026-10-02 23:25:34,4558,Motorcycle,42.9,60.0,Red Light Signal Violation,South Approach,redlight_viol_4558_1790963734.jpg
INC-1221,2026-10-02 23:25:34,4553,Car,44.5,60.0,Red Light Signal Violation,North Approach,redlight_viol_4553_1790963734.jpg
INC-1222,2026-10-02 23:25:34,4553,Car,62.6,60.0,Over-speeding (62.6 km/h > 60.0 km/h),North Approach,speed_viol_4553_1790963734.jpg
INC-1223,2026-10-02 23:25:35,4561,Motorcycle,43.7,60.0,Red Light Signal Violation,South Approach,redlight_viol_4561_1790963735.jpg
INC-1224,2026-10-02 23:25:35,4561,Motorcycle,61.1,60.0,Over-speeding (61.1 km/h > 60.0 km/h),South Approach,speed_viol_4561_1790963735.jpg
INC-1225,2026-10-02 23:25:36,4556,Car,44.7,60.0,Red Light Signal Violation,South Approach,redlight_viol_4556_1790963736.jpg
INC-1226,2026-10-02 23:25:36,4559,Motorcycle,35.5,60.0,Red Light Signal Violation,North Approach,redlight_viol_4559_1790963736.jpg
INC-1227,2026-10-02 23:25:37,4572,Motorcycle,38.8,60.0,Red Light Signal Violation,North Approach,redlight_viol_4572_1790963737.jpg
INC-1228,2026-10-02 23:25:42,4582,Motorcycle,36.5,60.0,Red Light Signal Violation,South Approach,redlight_viol_4582_1790963742.jpg
INC-1229,2026-10-02 23:25:42,4581,Motorcycle,66.0,60.0,Over-speeding (66.0 km/h > 60.0 km/h),South Approach,speed_viol_4581_1790963742.jpg
INC-1230,2026-10-02 23:25:43,4582,Motorcycle,61.6,60.0,Over-speeding (61.6 km/h > 60.0 km/h),West Approach,speed_viol_4582_1790963743.jpg
INC-1231,2026-10-02 23:25:44,4591,Motorcycle,44.5,60.0,Red Light Signal Violation,South Approach,redlight_viol_4591_1790963744.jpg
INC-1232,2026-10-02 23:25:44,4590,Motorcycle,40.4,60.0,Red Light Signal Violation,North Approach,redlight_viol_4590_1790963744.jpg
INC-1233,2026-10-02 23:25:46,4597,Motorcycle,38.1,60.0,Red Light Signal Violation,South Approach,redlight_viol_4597_1790963746.jpg
INC-1234,2026-10-02 23:25:47,4577,Motorcycle,67.0,60.0,Over-speeding (67.0 km/h > 60.0 km/h),East Approach,speed_viol_4577_1790963747.jpg
INC-1235,2026-10-02 23:25:48,4577,Motorcycle,38.4,60.0,Red Light Signal Violation,South Approach,redlight_viol_4577_1790963748.jpg
INC-1236,2026-10-02 23:25:48,4605,Motorcycle,44.6,60.0,Red Light Signal Violation,South Approach,redlight_viol_4605_1790963748.jpg
INC-1237,2026-10-02 23:25:49,4608,Motorcycle,35.7,60.0,Red Light Signal Violation,North Approach,redlight_viol_4608_1790963749.jpg
INC-1238,2026-10-02 23:25:50,4598,Car,37.6,60.0,Red Light Signal Violation,North Approach,redlight_viol_4598_1790963750.jpg
INC-1239,2026-10-02 23:25:50,4609,Car,36.5,60.0,Red Light Signal Violation,South Approach,redlight_viol_4609_1790963750.jpg
INC-1240,2026-10-02 23:25:51,4607,Motorcycle,35.7,60.0,Red Light Signal Violation,North Approach,redlight_viol_4607_1790963751.jpg
INC-1241,2026-10-02 23:25:51,4607,Motorcycle,66.0,60.0,Over-speeding (66.0 km/h > 60.0 km/h),North Approach,speed_viol_4607_1790963751.jpg
INC-1242,2026-10-02 23:25:52,4609,Car,61.5,60.0,Over-speeding (61.5 km/h > 60.0 km/h),West Approach,speed_viol_4609_1790963752.jpg
INC-1243,2026-10-02 23:25:53,4621,Motorcycle,38.4,60.0,Red Light Signal Violation,North Approach,redlight_viol_4621_1790963753.jpg
INC-1244,2026-10-02 23:25:53,4622,Motorcycle,38.7,60.0,Red Light Signal Violation,South Approach,redlight_viol_4622_1790963753.jpg
INC-1245,2026-10-02 23:25:54,4615,Car,39.6,60.0,Red Light Signal Violation,North Approach,redlight_viol_4615_1790963754.jpg
INC-1246,2026-10-02 23:25:56,4628,Motorcycle,43.5,60.0,Red Light Signal Violation,North Approach,redlight_viol_4628_1790963756.jpg
INC-1247,2026-10-02 23:25:58,4633,Motorcycle,41.8,60.0,Red Light Signal Violation,South Approach,redlight_viol_4633_1790963758.jpg
INC-1248,2026-10-02 23:26:00,4640,Motorcycle,39.3,60.0,Red Light Signal Violation,North Approach,redlight_viol_4640_1790963760.jpg
INC-1249,2026-10-02 23:26:01,4637,Motorcycle,64.3,60.0,Over-speeding (64.3 km/h > 60.0 km/h),West Approach,speed_viol_4637_1790963761.jpg
INC-1250,2026-10-02 23:26:02,4646,Motorcycle,35.9,60.0,Red Light Signal Violation,North Approach,redlight_viol_4646_1790963762.jpg
INC-1251,2026-10-02 23:26:02,4647,Motorcycle,38.2,60.0,Red Light Signal Violation,South Approach,redlight_viol_4647_1790963762.jpg
INC-1252,2026-10-02 23:26:03,4642,Car,39.9,60.0,Red Light Signal Violation,North Approach,redlight_viol_4642_1790963763.jpg
INC-1253,2026-10-02 23:26:03,4642,Car,62.4,60.0,Over-speeding (62.4 km/h > 60.0 km/h),North Approach,speed_viol_4642_1790963763.jpg
INC-1254,2026-10-02 23:26:03,4650,Motorcycle,41.7,60.0,Red Light Signal Violation,South Approach,redlight_viol_4650_1790963763.jpg
INC-1255,2026-10-02 23:26:04,4645,Car,42.2,60.0,Red Light Signal Violation,South Approach,redlight_viol_4645_1790963764.jpg
INC-1256,2026-10-02 23:26:05,4655,Car,39.6,60.0,Red Light Signal Violation,South Approach,redlight_viol_4655_1790963765.jpg
INC-1257,2026-10-02 23:26:06,4661,Motorcycle,44.7,60.0,Red Light Signal Violation,North Approach,redlight_viol_4661_1790963766.jpg
INC-1258,2026-10-02 23:26:09,4667,Motorcycle,37.4,60.0,Red Light Signal Violation,North Approach,redlight_viol_4667_1790963769.jpg
INC-1259,2026-10-02 23:26:11,4671,Motorcycle,36.7,60.0,Red Light Signal Violation,South Approach,redlight_viol_4671_1790963771.jpg
INC-1260,2026-10-02 23:26:11,4670,Motorcycle,67.6,60.0,Over-speeding (67.6 km/h > 60.0 km/h),South Approach,speed_viol_4670_1790963771.jpg
INC-1261,2026-10-02 23:26:12,4673,Motorcycle,44.8,60.0,Red Light Signal Violation,South Approach,redlight_viol_4673_1790963772.jpg
INC-1262,2026-10-02 23:26:12,4671,Motorcycle,64.1,60.0,Over-speeding (64.1 km/h > 60.0 km/h),West Approach,speed_viol_4671_1790963772.jpg
INC-1263,2026-10-02 23:26:13,4679,Motorcycle,45.1,60.0,Red Light Signal Violation,North Approach,redlight_viol_4679_1790963773.jpg
INC-1264,2026-10-02 23:26:13,4680,Motorcycle,35.4,60.0,Red Light Signal Violation,South Approach,redlight_viol_4680_1790963773.jpg
INC-1265,2026-10-02 23:26:15,4684,Motorcycle,41.7,60.0,Red Light Signal Violation,North Approach,redlight_viol_4684_1790963775.jpg
INC-1266,2026-10-02 23:26:16,4666,Motorcycle,64.5,60.0,Over-speeding (64.5 km/h > 60.0 km/h),East Approach,speed_viol_4666_1790963776.jpg
INC-1267,2026-10-02 23:26:16,4666,Motorcycle,36.1,60.0,Red Light Signal Violation,South Approach,redlight_viol_4666_1790963776.jpg
INC-1268,2026-10-02 23:26:18,4696,Motorcycle,45.0,60.0,Red Light Signal Violation,North Approach,redlight_viol_4696_1790963778.jpg
INC-1269,2026-10-02 23:26:19,4686,Car,36.5,60.0,Red Light Signal Violation,North Approach,redlight_viol_4686_1790963779.jpg
INC-1270,2026-10-02 23:26:19,4697,Car,36.4,60.0,Red Light Signal Violation,South Approach,redlight_viol_4697_1790963779.jpg
INC-1271,2026-10-02 23:26:19,4697,Car,61.9,60.0,Over-speeding (61.9 km/h > 60.0 km/h),North Approach,speed_viol_4697_1790963779.jpg
INC-1272,2026-10-02 23:26:20,4695,Motorcycle,60.6,60.0,Over-speeding (60.6 km/h > 60.0 km/h),North Approach,speed_viol_4695_1790963780.jpg
INC-1273,2026-10-02 23:26:20,4695,Motorcycle,60.6,60.0,Red Light Signal Violation,North Approach,redlight_viol_4695_1790963780.jpg
INC-1274,2026-10-02 23:26:21,4709,Motorcycle,37.5,60.0,Red Light Signal Violation,North Approach,redlight_viol_4709_1790963781.jpg
INC-1275,2026-10-02 23:26:22,4710,Motorcycle,39.5,60.0,Red Light Signal Violation,South Approach,redlight_viol_4710_1790963782.jpg
INC-1276,2026-10-02 23:26:23,4703,Car,45.1,60.0,Red Light Signal Violation,North Approach,redlight_viol_4703_1790963783.jpg
INC-1277,2026-10-02 23:26:23,4712,Motorcycle,67.0,60.0,Over-speeding (67.0 km/h > 60.0 km/h),East Approach,speed_viol_4712_1790963783.jpg
INC-1278,2026-10-02 23:26:25,4716,Motorcycle,45.1,60.0,Red Light Signal Violation,West Approach,redlight_viol_4716_1790963785.jpg
INC-1279,2026-10-02 23:26:29,4724,Car,38.0,60.0,Red Light Signal Violation,East Approach,redlight_viol_4724_1790963789.jpg
INC-1280,2026-10-02 23:26:31,4734,Motorcycle,37.5,60.0,Red Light Signal Violation,East Approach,redlight_viol_4734_1790963791.jpg
INC-1281,2026-10-02 23:26:32,4735,Motorcycle,50.9,60.0,Red Light Signal Violation,East Approach,redlight_viol_4735_1790963792.jpg
INC-1282,2026-10-02 23:26:33,4738,Motorcycle,44.9,60.0,Red Light Signal Violation,East Approach,redlight_viol_4738_1790963793.jpg
INC-1283,2026-10-02 23:26:34,4743,Car,38.2,60.0,Red Light Signal Violation,West Approach,redlight_viol_4743_1790963794.jpg
INC-1284,2026-10-02 23:26:36,4732,Car,35.8,60.0,Red Light Signal Violation,East Approach,redlight_viol_4732_1790963796.jpg
INC-1285,2026-10-02 23:26:40,4758,Motorcycle,66.9,60.0,Over-speeding (66.9 km/h > 60.0 km/h),South Approach,speed_viol_4758_1790963800.jpg
INC-1286,2026-10-02 23:26:40,4759,Motorcycle,37.7,60.0,Red Light Signal Violation,West Approach,redlight_viol_4759_1790963800.jpg
INC-1287,2026-10-02 23:26:41,4759,Motorcycle,61.8,60.0,Over-speeding (61.8 km/h > 60.0 km/h),West Approach,speed_viol_4759_1790963801.jpg
INC-1288,2026-10-02 23:26:44,4772,Motorcycle,36.6,60.0,Red Light Signal Violation,East Approach,redlight_viol_4772_1790963804.jpg
INC-1289,2026-10-02 23:26:44,4754,Motorcycle,38.7,60.0,Red Light Signal Violation,East Approach,redlight_viol_4754_1790963804.jpg
INC-1290,2026-10-02 23:26:45,4774,Motorcycle,38.5,60.0,Red Light Signal Violation,East Approach,redlight_viol_4774_1790963805.jpg
INC-1291,2026-10-02 23:26:45,4754,Motorcycle,68.0,60.0,Over-speeding (68.0 km/h > 60.0 km/h),East Approach,speed_viol_4754_1790963805.jpg
INC-1292,2026-10-02 23:26:46,4760,Motorcycle,38.6,60.0,Red Light Signal Violation,East Approach,redlight_viol_4760_1790963806.jpg
INC-1293,2026-10-02 23:26:48,4786,Car,41.2,60.0,Red Light Signal Violation,East Approach,redlight_viol_4786_1790963808.jpg
INC-1294,2026-10-02 23:26:48,4786,Car,68.0,60.0,Over-speeding (68.0 km/h > 60.0 km/h),North Approach,speed_viol_4786_1790963808.jpg
INC-1295,2026-10-02 23:26:49,4766,Motorcycle,43.7,60.0,Red Light Signal Violation,West Approach,redlight_viol_4766_1790963809.jpg
INC-1296,2026-10-02 23:26:49,4784,Motorcycle,65.1,60.0,Over-speeding (65.1 km/h > 60.0 km/h),North Approach,speed_viol_4784_1790963809.jpg
INC-1297,2026-10-02 23:26:54,4805,Motorcycle,45.5,60.0,Red Light Signal Violation,West Approach,redlight_viol_4805_1790963814.jpg
INC-1298,2026-10-02 23:26:58,4817,Motorcycle,42.1,60.0,Red Light Signal Violation,North Approach,redlight_viol_4817_1790963818.jpg
INC-1299,2026-10-02 23:26:58,4814,Motorcycle,64.4,60.0,Over-speeding (64.4 km/h > 60.0 km/h),West Approach,speed_viol_4814_1790963818.jpg
INC-1300,2026-10-02 23:27:00,4823,Motorcycle,43.1,60.0,Red Light Signal Violation,North Approach,redlight_viol_4823_1790963820.jpg
INC-1301,2026-10-02 23:27:00,4824,Motorcycle,38.7,60.0,Red Light Signal Violation,South Approach,redlight_viol_4824_1790963820.jpg
INC-1302,2026-10-02 23:27:00,4819,Car,41.3,60.0,Red Light Signal Violation,North Approach,redlight_viol_4819_1790963820.jpg
INC-1303,2026-10-02 23:27:01,4827,Motorcycle,45.9,60.0,Red Light Signal Violation,South Approach,redlight_viol_4827_1790963821.jpg
INC-1304,2026-10-02 23:27:02,4822,Car,45.3,60.0,Red Light Signal Violation,South Approach,redlight_viol_4822_1790963822.jpg
INC-1305,2026-10-02 23:27:02,4832,Car,35.2,60.0,Red Light Signal Violation,South Approach,redlight_viol_4832_1790963822.jpg
INC-1306,2026-10-02 23:27:03,4825,Motorcycle,35.8,60.0,Red Light Signal Violation,North Approach,redlight_viol_4825_1790963823.jpg
INC-1307,2026-10-02 23:27:04,4838,Motorcycle,41.0,60.0,Red Light Signal Violation,North Approach,redlight_viol_4838_1790963824.jpg
INC-1308,2026-10-02 23:27:06,4844,Motorcycle,43.7,60.0,Red Light Signal Violation,North Approach,redlight_viol_4844_1790963826.jpg
INC-1309,2026-10-02 23:27:08,4848,Motorcycle,43.6,60.0,Red Light Signal Violation,South Approach,redlight_viol_4848_1790963828.jpg
INC-1310,2026-10-02 23:27:08,4847,Motorcycle,67.2,60.0,Over-speeding (67.2 km/h > 60.0 km/h),South Approach,speed_viol_4847_1790963828.jpg
INC-1311,2026-10-02 23:27:09,4850,Motorcycle,36.8,60.0,Red Light Signal Violation,South Approach,redlight_viol_4850_1790963829.jpg
INC-1312,2026-10-02 23:27:10,4856,Motorcycle,36.7,60.0,Red Light Signal Violation,North Approach,redlight_viol_4856_1790963830.jpg
INC-1313,2026-10-02 23:27:10,4857,Motorcycle,38.9,60.0,Red Light Signal Violation,South Approach,redlight_viol_4857_1790963830.jpg
INC-1314,2026-10-02 23:27:12,4861,Motorcycle,36.4,60.0,Red Light Signal Violation,North Approach,redlight_viol_4861_1790963832.jpg
INC-1315,2026-10-02 23:27:13,4843,Motorcycle,68.0,60.0,Over-speeding (68.0 km/h > 60.0 km/h),East Approach,speed_viol_4843_1790963833.jpg
INC-1316,2026-10-02 23:27:14,4843,Motorcycle,38.7,60.0,Red Light Signal Violation,South Approach,redlight_viol_4843_1790963834.jpg
INC-1317,2026-10-02 23:27:14,4870,Motorcycle,36.4,60.0,Red Light Signal Violation,South Approach,redlight_viol_4870_1790963834.jpg
INC-1318,2026-10-02 23:27:15,4873,Motorcycle,40.6,60.0,Red Light Signal Violation,North Approach,redlight_viol_4873_1790963835.jpg
INC-1319,2026-10-02 23:27:16,4863,Car,44.2,60.0,Red Light Signal Violation,North Approach,redlight_viol_4863_1790963836.jpg
INC-1320,2026-10-02 23:27:16,4874,Car,41.5,60.0,Red Light Signal Violation,South Approach,redlight_viol_4874_1790963836.jpg
INC-1321,2026-10-02 23:27:16,4874,Car,65.0,60.0,Over-speeding (65.0 km/h > 60.0 km/h),North Approach,speed_viol_4874_1790963836.jpg
INC-1322,2026-10-02 23:27:18,4872,Motorcycle,64.4,60.0,Over-speeding (64.4 km/h > 60.0 km/h),North Approach,speed_viol_4872_1790963838.jpg
INC-1323,2026-10-02 23:27:18,4872,Motorcycle,64.4,60.0,Red Light Signal Violation,North Approach,redlight_viol_4872_1790963838.jpg
INC-1324,2026-10-02 23:27:18,4882,Motorcycle,36.6,60.0,Red Light Signal Violation,South Approach,redlight_viol_4882_1790963838.jpg
INC-1325,2026-10-02 23:27:19,4886,Motorcycle,45.7,60.0,Red Light Signal Violation,North Approach,redlight_viol_4886_1790963839.jpg
INC-1326,2026-10-02 23:27:19,4887,Motorcycle,39.0,60.0,Red Light Signal Violation,South Approach,redlight_viol_4887_1790963839.jpg
INC-1327,2026-10-02 23:27:20,4880,Car,42.3,60.0,Red Light Signal Violation,North Approach,redlight_viol_4880_1790963840.jpg
INC-1328,2026-10-02 23:27:20,4889,Motorcycle,61.6,60.0,Over-speeding (61.6 km/h > 60.0 km/h),East Approach,speed_viol_4889_1790963840.jpg
INC-1329,2026-10-02 23:27:22,4893,Motorcycle,42.6,60.0,Red Light Signal Violation,North Approach,redlight_viol_4893_1790963842.jpg
INC-1330,2026-10-02 23:27:27,4902,Motorcycle,64.8,60.0,Over-speeding (64.8 km/h > 60.0 km/h),West Approach,speed_viol_4902_1790963847.jpg
INC-1331,2026-10-02 23:27:28,4911,Motorcycle,40.5,60.0,Red Light Signal Violation,North Approach,redlight_viol_4911_1790963848.jpg
INC-1332,2026-10-02 23:27:28,4912,Motorcycle,40.5,60.0,Red Light Signal Violation,South Approach,redlight_viol_4912_1790963848.jpg
INC-1333,2026-10-02 23:27:28,4907,Car,44.6,60.0,Red Light Signal Violation,North Approach,redlight_viol_4907_1790963848.jpg
INC-1334,2026-10-02 23:27:28,4907,Car,66.2,60.0,Over-speeding (66.2 km/h > 60.0 km/h),North Approach,speed_viol_4907_1790963848.jpg
INC-1335,2026-10-02 23:27:29,4915,Motorcycle,40.1,60.0,Red Light Signal Violation,South Approach,redlight_viol_4915_1790963849.jpg
INC-1336,2026-10-02 23:27:30,4910,Car,47.9,60.0,Red Light Signal Violation,South Approach,redlight_viol_4910_1790963850.jpg
INC-1337,2026-10-02 23:27:30,4920,Car,42.1,60.0,Red Light Signal Violation,South Approach,redlight_viol_4920_1790963850.jpg
INC-1338,2026-10-02 23:27:31,4913,Motorcycle,35.2,60.0,Red Light Signal Violation,North Approach,redlight_viol_4913_1790963851.jpg
INC-1339,2026-10-02 23:27:32,4926,Motorcycle,43.2,60.0,Red Light Signal Violation,North Approach,redlight_viol_4926_1790963852.jpg
INC-1340,2026-10-02 23:27:34,4932,Motorcycle,38.8,60.0,Red Light Signal Violation,North Approach,redlight_viol_4932_1790963854.jpg
INC-1341,2026-10-02 23:27:36,4936,Motorcycle,37.0,60.0,Red Light Signal Violation,South Approach,redlight_viol_4936_1790963856.jpg
INC-1342,2026-10-02 23:27:36,4935,Motorcycle,67.2,60.0,Over-speeding (67.2 km/h > 60.0 km/h),South Approach,speed_viol_4935_1790963856.jpg
INC-1343,2026-10-02 23:27:37,4936,Motorcycle,67.2,60.0,Over-speeding (67.2 km/h > 60.0 km/h),West Approach,speed_viol_4936_1790963857.jpg
INC-1344,2026-10-02 23:27:38,4945,Motorcycle,38.0,60.0,Red Light Signal Violation,South Approach,redlight_viol_4945_1790963858.jpg
INC-1345,2026-10-02 23:27:38,4944,Motorcycle,38.6,60.0,Red Light Signal Violation,North Approach,redlight_viol_4944_1790963858.jpg
INC-1346,2026-10-02 23:27:40,4949,Motorcycle,36.3,60.0,Red Light Signal Violation,North Approach,redlight_viol_4949_1790963860.jpg
INC-1347,2026-10-02 23:27:41,4931,Motorcycle,68.0,60.0,Over-speeding (68.0 km/h > 60.0 km/h),East Approach,speed_viol_4931_1790963861.jpg
INC-1348,2026-10-02 23:27:43,4962,Motorcycle,39.0,60.0,Red Light Signal Violation,North Approach,redlight_viol_4962_1790963863.jpg
INC-1349,2026-10-02 23:27:44,4952,Car,38.0,60.0,Red Light Signal Violation,North Approach,redlight_viol_4952_1790963864.jpg
INC-1350,2026-10-02 23:27:44,4963,Car,63.1,60.0,Over-speeding (63.1 km/h > 60.0 km/h),North Approach,speed_viol_4963_1790963864.jpg
INC-1351,2026-10-02 23:27:45,4961,Motorcycle,57.8,60.0,Red Light Signal Violation,North Approach,redlight_viol_4961_1790963865.jpg
INC-1352,2026-10-02 23:27:46,4963,Car,65.2,60.0,Red Light Signal Violation,South Approach,redlight_viol_4963_1790963866.jpg
INC-1353,2026-10-02 23:27:46,4971,Motorcycle,38.3,60.0,Red Light Signal Violation,South Approach,redlight_viol_4971_1790963866.jpg
INC-1354,2026-10-02 23:27:46,4975,Motorcycle,35.8,60.0,Red Light Signal Violation,North Approach,redlight_viol_4975_1790963866.jpg
INC-1355,2026-10-02 23:27:47,4976,Motorcycle,36.6,60.0,Red Light Signal Violation,South Approach,redlight_viol_4976_1790963867.jpg
INC-1356,2026-10-02 23:27:48,4969,Car,45.3,60.0,Red Light Signal Violation,North Approach,redlight_viol_4969_1790963868.jpg
INC-1357,2026-10-02 23:27:48,4978,Motorcycle,62.5,60.0,Over-speeding (62.5 km/h > 60.0 km/h),East Approach,speed_viol_4978_1790963868.jpg
INC-1358,2026-10-02 23:27:49,4982,Motorcycle,42.7,60.0,Red Light Signal Violation,North Approach,redlight_viol_4982_1790963869.jpg
INC-1359,2026-10-02 23:27:53,4990,Car,42.7,60.0,Red Light Signal Violation,East Approach,redlight_viol_4990_1790963873.jpg
INC-1360,2026-10-02 23:27:54,4981,Motorcycle,40.8,60.0,Red Light Signal Violation,West Approach,redlight_viol_4981_1790963874.jpg
INC-1361,2026-10-02 23:27:54,4991,Motorcycle,67.4,60.0,Over-speeding (67.4 km/h > 60.0 km/h),West Approach,speed_viol_4991_1790963874.jpg
INC-1362,2026-10-02 23:27:56,4994,Motorcycle,60.4,60.0,Over-speeding (60.4 km/h > 60.0 km/h),North Approach,speed_viol_4994_1790963876.jpg
INC-1363,2026-10-02 23:27:56,5000,Motorcycle,39.0,60.0,Red Light Signal Violation,East Approach,redlight_viol_5000_1790963876.jpg
INC-1364,2026-10-02 23:27:56,5001,Motorcycle,35.5,60.0,Red Light Signal Violation,West Approach,redlight_viol_5001_1790963876.jpg
INC-1365,2026-10-02 23:27:56,4996,Car,63.2,60.0,Over-speeding (63.2 km/h > 60.0 km/h),North Approach,speed_viol_4996_1790963876.jpg
INC-1366,2026-10-02 23:27:58,5004,Motorcycle,47.3,60.0,Red Light Signal Violation,East Approach,redlight_viol_5004_1790963878.jpg
INC-1367,2026-10-02 23:27:58,5009,Car,41.0,60.0,Red Light Signal Violation,West Approach,redlight_viol_5009_1790963878.jpg
INC-1368,2026-10-02 23:28:00,4998,Car,39.5,60.0,Red Light Signal Violation,East Approach,redlight_viol_4998_1790963880.jpg
INC-1369,2026-10-02 23:28:02,5021,Motorcycle,41.0,60.0,Red Light Signal Violation,East Approach,redlight_viol_5021_1790963882.jpg
INC-1370,2026-10-02 23:28:04,5024,Motorcycle,68.0,60.0,Over-speeding (68.0 km/h > 60.0 km/h),South Approach,speed_viol_5024_1790963884.jpg
INC-1371,2026-10-02 23:28:04,5025,Motorcycle,41.4,60.0,Red Light Signal Violation,West Approach,redlight_viol_5025_1790963884.jpg
INC-1372,2026-10-02 23:28:05,5025,Motorcycle,63.8,60.0,Over-speeding (63.8 km/h > 60.0 km/h),West Approach,speed_viol_5025_1790963885.jpg
INC-1373,2026-10-02 23:28:08,5020,Motorcycle,35.7,60.0,Red Light Signal Violation,East Approach,redlight_viol_5020_1790963888.jpg
INC-1374,2026-10-02 23:28:09,5023,Motorcycle,36.6,60.0,Red Light Signal Violation,West Approach,redlight_viol_5023_1790963889.jpg
INC-1375,2026-10-02 23:28:09,5020,Motorcycle,68.0,60.0,Over-speeding (68.0 km/h > 60.0 km/h),East Approach,speed_viol_5020_1790963889.jpg
INC-1376,2026-10-02 23:28:10,5026,Motorcycle,38.9,60.0,Red Light Signal Violation,East Approach,redlight_viol_5026_1790963890.jpg
INC-1377,2026-10-02 23:28:12,5051,Car,38.1,60.0,Red Light Signal Violation,East Approach,redlight_viol_5051_1790963892.jpg
INC-1378,2026-10-02 23:28:12,5051,Car,68.0,60.0,Over-speeding (68.0 km/h > 60.0 km/h),North Approach,speed_viol_5051_1790963892.jpg
INC-1379,2026-10-02 23:28:13,5032,Motorcycle,38.2,60.0,Red Light Signal Violation,West Approach,redlight_viol_5032_1790963893.jpg
INC-1380,2026-10-02 23:28:13,5049,Motorcycle,64.4,60.0,Over-speeding (64.4 km/h > 60.0 km/h),North Approach,speed_viol_5049_1790963893.jpg
INC-1381,2026-10-02 23:28:16,5066,Motorcycle,64.3,60.0,Over-speeding (64.3 km/h > 60.0 km/h),East Approach,speed_viol_5066_1790963896.jpg
INC-1382,2026-10-02 23:28:18,5070,Motorcycle,35.4,60.0,Red Light Signal Violation,West Approach,redlight_viol_5070_1790963898.jpg
INC-1383,2026-10-02 23:28:19,5075,Motorcycle,44.9,60.0,Red Light Signal Violation,South Approach,redlight_viol_5075_1790963899.jpg
INC-1384,2026-10-02 23:28:22,5082,Motorcycle,35.8,60.0,Red Light Signal Violation,North Approach,redlight_viol_5082_1790963902.jpg
INC-1385,2026-10-02 23:28:22,5079,Motorcycle,66.3,60.0,Over-speeding (66.3 km/h > 60.0 km/h),West Approach,speed_viol_5079_1790963902.jpg
INC-1386,2026-10-02 23:28:24,5088,Motorcycle,43.5,60.0,Red Light Signal Violation,North Approach,redlight_viol_5088_1790963904.jpg
INC-1387,2026-10-02 23:28:24,5084,Car,41.8,60.0,Red Light Signal Violation,North Approach,redlight_viol_5084_1790963904.jpg
INC-1388,2026-10-02 23:28:24,5084,Car,62.4,60.0,Over-speeding (62.4 km/h > 60.0 km/h),North Approach,speed_viol_5084_1790963904.jpg
INC-1389,2026-10-02 23:28:25,5089,Motorcycle,52.8,60.0,Red Light Signal Violation,North Approach,redlight_viol_5089_1790963905.jpg
INC-1390,2026-10-02 23:28:25,5092,Motorcycle,53.1,60.0,Red Light Signal Violation,South Approach,redlight_viol_5092_1790963905.jpg
INC-1391,2026-10-02 23:28:26,5087,Car,46.6,60.0,Red Light Signal Violation,South Approach,redlight_viol_5087_1790963906.jpg
INC-1392,2026-10-02 23:28:27,5090,Motorcycle,35.1,60.0,Red Light Signal Violation,North Approach,redlight_viol_5090_1790963907.jpg
INC-1393,2026-10-02 23:28:27,5103,Motorcycle,35.2,60.0,Red Light Signal Violation,North Approach,redlight_viol_5103_1790963907.jpg
INC-1394,2026-10-02 23:28:30,5109,Motorcycle,43.0,60.0,Red Light Signal Violation,North Approach,redlight_viol_5109_1790963910.jpg
INC-1395,2026-10-02 23:28:32,5113,Motorcycle,39.9,60.0,Red Light Signal Violation,South Approach,redlight_viol_5113_1790963912.jpg
INC-1396,2026-10-02 23:28:32,5112,Motorcycle,68.0,60.0,Over-speeding (68.0 km/h > 60.0 km/h),South Approach,speed_viol_5112_1790963912.jpg
INC-1397,2026-10-02 23:28:33,5115,Motorcycle,41.0,60.0,Red Light Signal Violation,South Approach,redlight_viol_5115_1790963913.jpg
INC-1398,2026-10-02 23:28:33,5113,Motorcycle,65.6,60.0,Over-speeding (65.6 km/h > 60.0 km/h),West Approach,speed_viol_5113_1790963913.jpg
INC-1399,2026-10-02 23:28:34,5121,Motorcycle,45.9,60.0,Red Light Signal Violation,North Approach,redlight_viol_5121_1790963914.jpg
INC-1400,2026-10-02 23:28:34,5122,Motorcycle,42.5,60.0,Red Light Signal Violation,South Approach,redlight_viol_5122_1790963914.jpg
INC-1401,2026-10-02 23:28:36,5126,Motorcycle,35.9,60.0,Red Light Signal Violation,North Approach,redlight_viol_5126_1790963916.jpg
INC-1402,2026-10-02 23:28:36,5128,Motorcycle,35.4,60.0,Red Light Signal Violation,South Approach,redlight_viol_5128_1790963916.jpg
INC-1403,2026-10-02 23:28:37,5108,Motorcycle,68.0,60.0,Over-speeding (68.0 km/h > 60.0 km/h),East Approach,speed_viol_5108_1790963917.jpg
INC-1404,2026-10-02 23:28:38,5136,Motorcycle,38.6,60.0,Red Light Signal Violation,South Approach,redlight_viol_5136_1790963918.jpg
INC-1405,2026-10-02 23:28:40,5129,Car,38.1,60.0,Red Light Signal Violation,North Approach,redlight_viol_5129_1790963920.jpg
INC-1406,2026-10-02 23:28:40,5140,Car,41.2,60.0,Red Light Signal Violation,South Approach,redlight_viol_5140_1790963920.jpg
INC-1407,2026-10-02 23:28:40,5140,Car,66.6,60.0,Over-speeding (66.6 km/h > 60.0 km/h),North Approach,speed_viol_5140_1790963920.jpg
INC-1408,2026-10-02 23:28:42,5138,Motorcycle,63.4,60.0,Over-speeding (63.4 km/h > 60.0 km/h),North Approach,speed_viol_5138_1790963922.jpg
INC-1409,2026-10-02 23:28:42,5138,Motorcycle,63.4,60.0,Red Light Signal Violation,North Approach,redlight_viol_5138_1790963922.jpg
INC-1410,2026-10-02 23:28:42,5148,Motorcycle,35.6,60.0,Red Light Signal Violation,South Approach,redlight_viol_5148_1790963922.jpg
INC-1411,2026-10-02 23:28:43,5152,Motorcycle,43.8,60.0,Red Light Signal Violation,North Approach,redlight_viol_5152_1790963923.jpg
INC-1412,2026-10-02 23:28:43,5153,Motorcycle,44.4,60.0,Red Light Signal Violation,South Approach,redlight_viol_5153_1790963923.jpg
INC-1413,2026-10-02 23:28:44,5146,Car,43.4,60.0,Red Light Signal Violation,North Approach,redlight_viol_5146_1790963924.jpg
INC-1414,2026-10-02 23:28:46,5159,Motorcycle,43.3,60.0,Red Light Signal Violation,North Approach,redlight_viol_5159_1790963926.jpg
INC-1415,2026-10-02 23:28:47,5164,Motorcycle,42.0,60.0,Red Light Signal Violation,South Approach,redlight_viol_5164_1790963927.jpg
INC-1416,2026-10-02 23:28:50,5171,Motorcycle,38.2,60.0,Red Light Signal Violation,North Approach,redlight_viol_5171_1790963930.jpg
INC-1417,2026-10-02 23:28:50,5168,Motorcycle,65.4,60.0,Over-speeding (65.4 km/h > 60.0 km/h),West Approach,speed_viol_5168_1790963930.jpg
INC-1418,2026-10-02 23:28:52,5177,Motorcycle,36.5,60.0,Red Light Signal Violation,North Approach,redlight_viol_5177_1790963932.jpg
INC-1419,2026-10-02 23:28:52,5173,Car,43.9,60.0,Red Light Signal Violation,North Approach,redlight_viol_5173_1790963932.jpg
INC-1420,2026-10-02 23:28:52,5173,Car,65.8,60.0,Over-speeding (65.8 km/h > 60.0 km/h),North Approach,speed_viol_5173_1790963932.jpg
INC-1421,2026-10-02 23:28:53,5178,Motorcycle,52.8,60.0,Red Light Signal Violation,North Approach,redlight_viol_5178_1790963933.jpg
INC-1422,2026-10-02 23:28:53,5181,Motorcycle,37.1,60.0,Red Light Signal Violation,South Approach,redlight_viol_5181_1790963933.jpg
INC-1423,2026-10-02 23:28:54,5176,Car,48.3,60.0,Red Light Signal Violation,South Approach,redlight_viol_5176_1790963934.jpg
INC-1424,2026-10-02 23:28:54,5186,Car,42.8,60.0,Red Light Signal Violation,South Approach,redlight_viol_5186_1790963934.jpg
INC-1425,2026-10-02 23:28:55,5179,Motorcycle,35.7,60.0,Red Light Signal Violation,North Approach,redlight_viol_5179_1790963935.jpg
INC-1426,2026-10-02 23:28:55,5192,Motorcycle,39.3,60.0,Red Light Signal Violation,North Approach,redlight_viol_5192_1790963935.jpg
INC-1427,2026-10-02 23:28:58,5198,Motorcycle,40.9,60.0,Red Light Signal Violation,North Approach,redlight_viol_5198_1790963938.jpg
INC-1428,2026-10-02 23:29:00,5201,Motorcycle,66.2,60.0,Over-speeding (66.2 km/h > 60.0 km/h),South Approach,speed_viol_5201_1790963940.jpg
INC-1429,2026-10-02 23:29:01,5204,Motorcycle,40.6,60.0,Red Light Signal Violation,South Approach,redlight_viol_5204_1790963941.jpg
INC-1430,2026-10-02 23:29:01,5202,Motorcycle,63.4,60.0,Over-speeding (63.4 km/h > 60.0 km/h),West Approach,speed_viol_5202_1790963941.jpg
INC-1431,2026-10-02 23:29:02,5210,Motorcycle,35.9,60.0,Red Light Signal Violation,North Approach,redlight_viol_5210_1790963942.jpg
INC-1432,2026-10-02 23:29:02,5211,Motorcycle,44.9,60.0,Red Light Signal Violation,South Approach,redlight_viol_5211_1790963942.jpg
INC-1433,2026-10-02 23:29:04,5215,Motorcycle,41.7,60.0,Red Light Signal Violation,North Approach,redlight_viol_5215_1790963944.jpg
INC-1434,2026-10-02 23:29:05,5197,Motorcycle,68.0,60.0,Over-speeding (68.0 km/h > 60.0 km/h),East Approach,speed_viol_5197_1790963945.jpg
INC-1435,2026-10-02 23:29:06,5224,Motorcycle,37.4,60.0,Red Light Signal Violation,South Approach,redlight_viol_5224_1790963946.jpg
INC-1436,2026-10-02 23:29:07,5227,Motorcycle,44.1,60.0,Red Light Signal Violation,North Approach,redlight_viol_5227_1790963947.jpg
INC-1437,2026-10-02 23:29:08,5228,Car,35.3,60.0,Red Light Signal Violation,East Approach,redlight_viol_5228_1790963948.jpg
INC-1438,2026-10-02 23:29:08,5228,Car,66.3,60.0,Over-speeding (66.3 km/h > 60.0 km/h),North Approach,speed_viol_5228_1790963948.jpg
INC-1439,2026-10-02 23:29:09,5209,Motorcycle,41.4,60.0,Red Light Signal Violation,West Approach,redlight_viol_5209_1790963949.jpg
INC-1440,2026-10-02 23:29:09,5226,Motorcycle,64.1,60.0,Over-speeding (64.1 km/h > 60.0 km/h),North Approach,speed_viol_5226_1790963949.jpg
INC-1441,2026-10-02 23:29:12,5243,Motorcycle,63.5,60.0,Over-speeding (63.5 km/h > 60.0 km/h),East Approach,speed_viol_5243_1790963952.jpg
INC-1442,2026-10-02 23:29:14,5247,Motorcycle,45.4,60.0,Red Light Signal Violation,West Approach,redlight_viol_5247_1790963954.jpg
INC-1443,2026-10-02 23:29:17,5255,Car,39.2,60.0,Red Light Signal Violation,East Approach,redlight_viol_5255_1790963957.jpg
INC-1444,2026-10-02 23:29:18,5246,Motorcycle,37.7,60.0,Red Light Signal Violation,West Approach,redlight_viol_5246_1790963958.jpg
INC-1445,2026-10-02 23:29:18,5256,Motorcycle,60.1,60.0,Over-speeding (60.1 km/h > 60.0 km/h),West Approach,speed_viol_5256_1790963958.jpg
INC-1446,2026-10-02 23:29:20,5261,Car,60.5,60.0,Over-speeding (60.5 km/h > 60.0 km/h),North Approach,speed_viol_5261_1790963960.jpg
INC-1447,2026-10-02 23:29:21,5266,Motorcycle,49.2,60.0,Red Light Signal Violation,East Approach,redlight_viol_5266_1790963961.jpg
INC-1448,2026-10-02 23:29:22,5269,Motorcycle,44.8,60.0,Red Light Signal Violation,East Approach,redlight_viol_5269_1790963962.jpg
INC-1449,2026-10-02 23:29:22,5274,Car,40.1,60.0,Red Light Signal Violation,West Approach,redlight_viol_5274_1790963962.jpg
INC-1450,2026-10-02 23:29:25,5263,Car,36.0,60.0,Red Light Signal Violation,East Approach,redlight_viol_5263_1790963965.jpg
INC-1451,2026-10-02 23:29:27,5286,Motorcycle,36.6,60.0,Red Light Signal Violation,East Approach,redlight_viol_5286_1790963967.jpg
INC-1452,2026-10-02 23:29:28,5289,Motorcycle,68.0,60.0,Over-speeding (68.0 km/h > 60.0 km/h),South Approach,speed_viol_5289_1790963968.jpg
INC-1453,2026-10-02 23:29:29,5290,Motorcycle,35.8,60.0,Red Light Signal Violation,West Approach,redlight_viol_5290_1790963969.jpg
INC-1454,2026-10-02 23:29:33,5285,Motorcycle,37.3,60.0,Red Light Signal Violation,East Approach,redlight_viol_5285_1790963973.jpg
INC-1455,2026-10-02 23:29:33,5305,Motorcycle,35.9,60.0,Red Light Signal Violation,East Approach,redlight_viol_5305_1790963973.jpg
INC-1456,2026-10-02 23:29:33,5285,Motorcycle,68.0,60.0,Over-speeding (68.0 km/h > 60.0 km/h),East Approach,speed_viol_5285_1790963973.jpg
INC-1457,2026-10-02 23:29:35,5291,Motorcycle,42.2,60.0,Red Light Signal Violation,East Approach,redlight_viol_5291_1790963975.jpg
INC-1458,2026-10-02 23:29:37,5317,Car,64.6,60.0,Over-speeding (64.6 km/h > 60.0 km/h),North Approach,speed_viol_5317_1790963977.jpg
INC-1459,2026-10-02 23:29:37,5317,Car,42.3,60.0,Red Light Signal Violation,West Approach,redlight_viol_5317_1790963977.jpg
INC-1460,2026-10-02 23:29:37,5297,Motorcycle,43.2,60.0,Red Light Signal Violation,West Approach,redlight_viol_5297_1790963977.jpg
INC-1461,2026-10-02 23:29:38,5315,Motorcycle,63.4,60.0,Over-speeding (63.4 km/h > 60.0 km/h),North Approach,speed_viol_5315_1790963978.jpg
INC-1462,2026-10-02 23:29:41,5332,Motorcycle,63.9,60.0,Over-speeding (63.9 km/h > 60.0 km/h),East Approach,speed_viol_5332_1790963981.jpg
INC-1463,2026-10-02 23:29:42,5336,Motorcycle,38.2,60.0,Red Light Signal Violation,West Approach,redlight_viol_5336_1790963982.jpg
INC-1464,2026-10-02 23:29:46,5344,Car,42.9,60.0,Red Light Signal Violation,East Approach,redlight_viol_5344_1790963986.jpg
INC-1465,2026-10-02 23:29:47,5348,Motorcycle,37.5,60.0,Red Light Signal Violation,East Approach,redlight_viol_5348_1790963987.jpg
INC-0001,2026-10-02 23:32:17,6,Car,40.5,60.0,Red Light Signal Violation,North Approach,redlight_viol_6_1790964137.jpg
INC-0002,2026-10-02 23:32:20,15,Car,44.9,60.0,Red Light Signal Violation,North Approach,redlight_viol_15_1790964140.jpg
INC-0003,2026-10-02 23:32:21,9,Car,38.9,60.0,Red Light Signal Violation,South Approach,redlight_viol_9_1790964141.jpg
INC-0004,2026-10-02 23:32:26,17,Car,35.5,60.0,Red Light Signal Violation,North Approach,redlight_viol_17_1790964146.jpg
INC-0005,2026-10-02 23:32:26,16,Car,44.3,60.0,Red Light Signal Violation,West Approach,redlight_viol_16_1790964146.jpg
INC-0006,2026-10-02 23:32:30,29,Bus,41.7,60.0,Red Light Signal Violation,North Approach,redlight_viol_29_1790964150.jpg
INC-0007,2026-10-02 23:32:34,27,Car,36.6,60.0,Red Light Signal Violation,North Approach,redlight_viol_27_1790964154.jpg
INC-0008,2026-10-02 23:32:42,45,Car,40.6,60.0,Red Light Signal Violation,South Approach,redlight_viol_45_1790964162.jpg
INC-0009,2026-10-02 23:32:45,48,Bus,63.1,60.0,Over-speeding (63.1 km/h > 60.0 km/h),West Approach,speed_viol_48_1790964165.jpg
INC-0010,2026-10-02 23:32:47,49,Bus,38.3,60.0,Red Light Signal Violation,North Approach,redlight_viol_49_1790964167.jpg
INC-0011,2026-10-02 23:32:50,58,Car,39.4,60.0,Red Light Signal Violation,North Approach,redlight_viol_58_1790964170.jpg
INC-0012,2026-10-02 23:32:51,50,Car,35.6,60.0,Red Light Signal Violation,East Approach,redlight_viol_50_1790964171.jpg
INC-0013,2026-10-02 23:32:58,62,Car,37.0,60.0,Red Light Signal Violation,East Approach,redlight_viol_62_1790964178.jpg
INC-0014,2026-10-02 23:33:01,64,Car,45.1,60.0,Red Light Signal Violation,East Approach,redlight_viol_64_1790964181.jpg
INC-0015,2026-10-02 23:33:05,72,Car,46.7,60.0,Red Light Signal Violation,West Approach,redlight_viol_72_1790964185.jpg
INC-0016,2026-10-02 23:33:09,76,Car,35.7,60.0,Red Light Signal Violation,West Approach,redlight_viol_76_1790964189.jpg
INC-0017,2026-10-02 23:33:13,77,Car,39.8,60.0,Red Light Signal Violation,West Approach,redlight_viol_77_1790964193.jpg
INC-0018,2026-10-02 23:33:17,83,Car,37.8,60.0,Red Light Signal Violation,West Approach,redlight_viol_83_1790964197.jpg
INC-0019,2026-10-02 23:33:18,88,Car,36.6,60.0,Red Light Signal Violation,East Approach,redlight_viol_88_1790964198.jpg
INC-0020,2026-10-02 23:33:19,100,Car,36.3,60.0,Red Light Signal Violation,East Approach,redlight_viol_100_1790964199.jpg
INC-0021,2026-10-02 23:33:20,92,Car,35.5,60.0,Red Light Signal Violation,East Approach,redlight_viol_92_1790964200.jpg
INC-0022,2026-10-02 23:33:27,105,Car,37.4,60.0,Red Light Signal Violation,East Approach,redlight_viol_105_1790964207.jpg
INC-0023,2026-10-02 23:33:29,116,Car,35.8,60.0,Red Light Signal Violation,East Approach,redlight_viol_116_1790964209.jpg
INC-0024,2026-10-02 23:33:30,108,Car,47.6,60.0,Red Light Signal Violation,East Approach,redlight_viol_108_1790964210.jpg
INC-0001,2026-10-02 23:34:22,49,Car,65.0,60.0,Over-speeding (65.0 km/h > 60.0 km/h),North Approach,speed_viol_49_1790964262.jpg
INC-0002,2026-10-02 23:34:22,59,Car,64.3,60.0,Over-speeding (64.3 km/h > 60.0 km/h),West Approach,speed_viol_59_1790964262.jpg
INC-0003,2026-10-02 23:34:22,63,Bus,65.0,60.0,Over-speeding (65.0 km/h > 60.0 km/h),South Approach,speed_viol_63_1790964262.jpg
INC-0004,2026-10-02 23:34:25,52,Car,61.9,60.0,Over-speeding (61.9 km/h > 60.0 km/h),East Approach,speed_viol_52_1790964265.jpg
INC-0005,2026-10-02 23:34:27,79,Car,65.0,60.0,Over-speeding (65.0 km/h > 60.0 km/h),East Approach,speed_viol_79_1790964267.jpg
INC-0006,2026-10-02 23:34:42,175,Car,65.0,60.0,Over-speeding (65.0 km/h > 60.0 km/h),South Approach,speed_viol_175_1790964282.jpg
INC-0001,2026-10-02 23:38:26,2,Car,64.4,60.0,Over-speeding (64.4 km/h > 60.0 km/h),South Approach,speed_viol_2_1790964506.jpg
INC-0002,2026-10-02 23:38:30,4,Car,65.0,60.0,Over-speeding (65.0 km/h > 60.0 km/h),West Approach,speed_viol_4_1790964510.jpg
INC-0003,2026-10-02 23:38:38,25,Car,50.4,60.0,Red Light Signal Violation,East Approach,redlight_viol_25_1790964518.jpg
INC-0004,2026-10-02 23:38:40,12,Car,60.1,60.0,Over-speeding (60.1 km/h > 60.0 km/h),East Approach,speed_viol_12_1790964520.jpg
INC-0005,2026-10-02 23:38:41,44,Car,52.8,60.0,Red Light Signal Violation,West Approach,redlight_viol_44_1790964521.jpg
INC-0006,2026-10-02 23:38:41,44,Car,65.0,60.0,Over-speeding (65.0 km/h > 60.0 km/h),North Approach,speed_viol_44_1790964521.jpg
INC-0007,2026-10-02 23:38:47,51,Car,65.0,60.0,Over-speeding (65.0 km/h > 60.0 km/h),North Approach,speed_viol_51_1790964527.jpg
INC-0008,2026-10-02 23:38:50,71,Car,63.5,60.0,Over-speeding (63.5 km/h > 60.0 km/h),East Approach,speed_viol_71_1790964530.jpg
INC-0009,2026-10-02 23:38:51,72,Car,63.7,60.0,Over-speeding (63.7 km/h > 60.0 km/h),East Approach,speed_viol_72_1790964531.jpg
INC-0010,2026-10-02 23:38:52,64,Car,63.8,60.0,Over-speeding (63.8 km/h > 60.0 km/h),West Approach,speed_viol_64_1790964532.jpg
INC-0011,2026-10-02 23:38:54,70,Car,58.3,60.0,Red Light Signal Violation,North Approach,redlight_viol_70_1790964534.jpg
INC-0012,2026-10-02 23:38:54,77,Car,61.2,60.0,Over-speeding (61.2 km/h > 60.0 km/h),South Approach,speed_viol_77_1790964534.jpg
INC-0013,2026-10-02 23:38:54,77,Car,61.2,60.0,Red Light Signal Violation,South Approach,redlight_viol_77_1790964534.jpg
INC-0014,2026-10-02 23:39:08,104,Car,60.1,60.0,Over-speeding (60.1 km/h > 60.0 km/h),East Approach,speed_viol_104_1790964548.jpg
INC-0015,2026-10-02 23:39:11,123,Car,54.6,60.0,Red Light Signal Violation,North Approach,redlight_viol_123_1790964551.jpg
INC-0016,2026-10-02 23:39:20,142,Car,62.3,60.0,Over-speeding (62.3 km/h > 60.0 km/h),East Approach,speed_viol_142_1790964560.jpg
INC-0017,2026-10-02 23:39:23,143,Car,49.0,60.0,Red Light Signal Violation,North Approach,redlight_viol_143_1790964563.jpg
INC-0018,2026-10-02 23:39:37,175,Car,65.0,60.0,Over-speeding (65.0 km/h > 60.0 km/h),East Approach,speed_viol_175_1790964577.jpg
INC-0019,2026-10-02 23:39:39,192,Car,65.0,60.0,Over-speeding (65.0 km/h > 60.0 km/h),East Approach,speed_viol_192_1790964579.jpg
INC-0020,2026-10-02 23:39:44,205,Car,49.9,60.0,Red Light Signal Violation,East Approach,redlight_viol_205_1790964584.jpg
INC-0021,2026-10-02 23:39:48,213,Car,63.5,60.0,Over-speeding (63.5 km/h > 60.0 km/h),East Approach,speed_viol_213_1790964588.jpg
INC-0022,2026-10-02 23:39:52,214,Car,53.7,60.0,Red Light Signal Violation,West Approach,redlight_viol_214_1790964592.jpg
INC-0023,2026-10-02 23:40:02,232,Car,52.0,60.0,Red Light Signal Violation,East Approach,redlight_viol_232_1790964602.jpg
INC-0024,2026-10-02 23:40:05,238,Car,60.5,60.0,Over-speeding (60.5 km/h > 60.0 km/h),East Approach,speed_viol_238_1790964605.jpg
INC-0025,2026-10-02 23:40:07,256,Car,49.9,60.0,Red Light Signal Violation,West Approach,redlight_viol_256_1790964607.jpg
INC-0026,2026-10-02 23:40:07,259,Car,65.0,60.0,Over-speeding (65.0 km/h > 60.0 km/h),East Approach,speed_viol_259_1790964607.jpg
INC-0027,2026-10-02 23:40:07,259,Car,65.0,60.0,Red Light Signal Violation,East Approach,redlight_viol_259_1790964607.jpg
INC-0028,2026-10-02 23:40:08,264,Car,62.1,60.0,Over-speeding (62.1 km/h > 60.0 km/h),West Approach,speed_viol_264_1790964608.jpg
INC-0029,2026-10-02 23:40:12,271,Car,57.9,60.0,Red Light Signal Violation,East Approach,redlight_viol_271_1790964612.jpg
INC-0030,2026-10-02 23:40:16,278,Car,61.3,60.0,Over-speeding (61.3 km/h > 60.0 km/h),East Approach,speed_viol_278_1790964616.jpg
INC-0031,2026-10-02 23:40:17,276,Car,61.8,60.0,Over-speeding (61.8 km/h > 60.0 km/h),West Approach,speed_viol_276_1790964617.jpg
INC-0032,2026-10-02 23:40:20,280,Car,53.1,60.0,Red Light Signal Violation,West Approach,redlight_viol_280_1790964620.jpg
INC-0033,2026-10-02 23:40:33,304,Car,60.5,60.0,Over-speeding (60.5 km/h > 60.0 km/h),East Approach,speed_viol_304_1790964633.jpg
INC-0034,2026-10-02 23:40:34,323,Car,50.5,60.0,Red Light Signal Violation,North Approach,redlight_viol_323_1790964634.jpg
INC-0035,2026-10-02 23:40:35,327,Car,65.0,60.0,Over-speeding (65.0 km/h > 60.0 km/h),East Approach,speed_viol_327_1790964635.jpg
INC-0036,2026-10-02 23:40:36,331,Car,62.0,60.0,Over-speeding (62.0 km/h > 60.0 km/h),West Approach,speed_viol_331_1790964636.jpg
INC-0037,2026-10-02 23:40:43,345,Car,60.1,60.0,Over-speeding (60.1 km/h > 60.0 km/h),East Approach,speed_viol_345_1790964643.jpg
INC-0038,2026-10-02 23:40:44,343,Car,63.1,60.0,Over-speeding (63.1 km/h > 60.0 km/h),West Approach,speed_viol_343_1790964644.jpg
INC-0039,2026-10-02 23:40:46,347,Car,48.1,60.0,Red Light Signal Violation,North Approach,redlight_viol_347_1790964646.jpg
INC-0040,2026-10-02 23:40:48,353,Car,48.5,60.0,Red Light Signal Violation,South Approach,redlight_viol_353_1790964648.jpg
INC-0041,2026-10-02 23:41:00,371,Car,65.0,60.0,Over-speeding (65.0 km/h > 60.0 km/h),East Approach,speed_viol_371_1790964660.jpg
INC-0042,2026-10-02 23:41:01,390,Car,50.0,60.0,Red Light Signal Violation,West Approach,redlight_viol_390_1790964661.jpg
INC-0043,2026-10-02 23:41:02,394,Car,65.0,60.0,Over-speeding (65.0 km/h > 60.0 km/h),East Approach,speed_viol_394_1790964662.jpg
INC-0044,2026-10-02 23:41:02,394,Car,65.0,60.0,Red Light Signal Violation,East Approach,redlight_viol_394_1790964662.jpg
INC-0045,2026-10-02 23:41:06,405,Car,59.7,60.0,Red Light Signal Violation,East Approach,redlight_viol_405_1790964666.jpg
INC-0001,2026-10-02 23:41:41,11,Car,52.9,60.0,Red Light Signal Violation,West Approach,redlight_viol_11_1790964701.jpg
INC-0002,2026-10-02 23:41:57,51,Car,50.0,60.0,Red Light Signal Violation,South Approach,redlight_viol_51_1790964717.jpg
INC-0003,2026-10-02 23:45:43,466,Car,61.8,60.0,Over-speeding (61.8 km/h > 60.0 km/h),South Approach,speed_viol_466_1790964943.jpg
INC-0004,2026-10-02 23:45:44,468,Car,49.2,60.0,Red Light Signal Violation,West Approach,redlight_viol_468_1790964944.jpg
INC-0005,2026-10-03 00:03:36,2386,Car,61.5,60.0,Over-speeding (61.5 km/h > 60.0 km/h),South Approach,speed_viol_2386_1790966016.jpg
INC-0006,2026-10-03 00:05:18,2578,Car,61.8,60.0,Over-speeding (61.8 km/h > 60.0 km/h),South Approach,speed_viol_2578_1790966118.jpg
INC-0007,2026-10-03 00:08:14,2898,Car,60.7,60.0,Over-speeding (60.7 km/h > 60.0 km/h),South Approach,speed_viol_2898_1790966294.jpg
INC-0008,2026-10-03 00:12:22,3346,Car,60.1,60.0,Over-speeding (60.1 km/h > 60.0 km/h),South Approach,speed_viol_3346_1790966542.jpg
